ressource,niveau,sequence,notion,reviewer,date,science_status,pedagogy_status,accessibility_status,technical_status,decision,blockers
03_progressions/fiches_cours/premiere/P00/P00_fiche_cours_methode_nsi.md,premiere,,méthode NSI,,,pending,pending,pending,pending,pending,revue humaine non réalisée
03_progressions/fiches_cours/premiere/P01/P01_fiche_cours_bits_bases_2_10_16.md,premiere,,bits et bases,,,pending,pending,pending,pending,pending,revue humaine non réalisée
03_progressions/fiches_cours/premiere/P01/P01_fiche_cours_conversions.md,premiere,,conversions,,,pending,pending,pending,pending,pending,revue humaine non réalisée
03_progressions/fiches_cours/premiere/P02/P02_fiche_cours_booleens_tables_verite.md,premiere,,booléens,,,pending,pending,pending,pending,pending,revue humaine non réalisée
03_progressions/fiches_cours/premiere/P02/P02_fiche_cours_complement_a_deux.md,premiere,,complément à deux,,,pending,pending,pending,pending,pending,revue humaine non réalisée
03_progressions/fiches_cours/premiere/P03/P03_fiche_cours_flottants_approximations.md,premiere,,flottants,,,pending,pending,pending,pending,pending,revue humaine non réalisée
03_progressions/fiches_cours/premiere/P03/P03_fiche_cours_texte_unicode.md,premiere,,Unicode,,,pending,pending,pending,pending,pending,revue humaine non réalisée
03_progressions/fiches_cours/premiere/P04/P04_fiche_cours_dictionnaires.md,premiere,,dictionnaires,,,pending,pending,pending,pending,pending,revue humaine non réalisée
03_progressions/fiches_cours/premiere/P04/P04_fiche_cours_listes.md,premiere,,listes,,,pending,pending,pending,pending,pending,revue humaine non réalisée
03_progressions/fiches_cours/premiere/P04/P04_fiche_cours_tuples.md,premiere,,tuples,,,pending,pending,pending,pending,pending,revue humaine non réalisée
03_progressions/fiches_cours/premiere/P05/P05_fiche_cours_tables_csv_import_coherence.md,premiere,,tables CSV,,,pending,pending,pending,pending,pending,revue humaine non réalisée
03_progressions/fiches_cours/premiere/P06/P06_fiche_cours_tables_recherche_tri_fusion.md,premiere,,tri et fusion de tables,,,pending,pending,pending,pending,pending,revue humaine non réalisée
03_progressions/fiches_cours/premiere/P07/P07_fiche_cours_fonctions_tests_specifications.md,premiere,,fonctions et tests,,,pending,pending,pending,pending,pending,revue humaine non réalisée
03_progressions/fiches_cours/premiere/P08/P08_fiche_cours_html_css_dom.md,premiere,,HTML CSS DOM,,,pending,pending,pending,pending,pending,revue humaine non réalisée
03_progressions/fiches_cours/premiere/P08/P08_fiche_cours_http_get_post_formulaires.md,premiere,,requêtes HTTP,,,pending,pending,pending,pending,pending,revue humaine non réalisée
03_progressions/fiches_cours/premiere/P09/P09_fiche_cours_architecture_os_droits.md,premiere,,architecture et OS,,,pending,pending,pending,pending,pending,revue humaine non réalisée
03_progressions/fiches_cours/premiere/P10/P10_fiche_cours_reseaux_protocoles_paquets.md,premiere,,protocoles et paquets,,,pending,pending,pending,pending,pending,revue humaine non réalisée
03_progressions/fiches_cours/premiere/P11/P11_fiche_cours_parcours_recherche_extremum_moyenne.md,premiere,,parcours de tableau,,,pending,pending,pending,pending,pending,revue humaine non réalisée
03_progressions/fiches_cours/premiere/P12/P12_fiche_cours_tris_invariants_complexite.md,premiere,,tris,,,pending,pending,pending,pending,pending,revue humaine non réalisée
03_progressions/fiches_cours/premiere/P13/P13_fiche_cours_dichotomie_glouton_knn.md,premiere,,dichotomie glouton k-NN,,,pending,pending,pending,pending,pending,revue humaine non réalisée
03_progressions/fiches_cours/premiere/P14/P14_fiche_cours_synthese_projet_oral.md,premiere,,projet oral,,,pending,pending,pending,pending,pending,revue humaine non réalisée
03_progressions/fiches_cours/terminale/T00/T00_fiche_cours_reprise_python_tests_complexite.md,terminale,,tests et complexité,,,pending,pending,pending,pending,pending,revue humaine non réalisée
03_progressions/fiches_cours/terminale/T01/T01_fiche_cours_interface_implementation_tad.md,terminale,,TAD,,,pending,pending,pending,pending,pending,revue humaine non réalisée
03_progressions/fiches_cours/terminale/T02/T02_fiche_cours_classes_objets_attributs_methodes.md,terminale,,classes objets,,,pending,pending,pending,pending,pending,revue humaine non réalisée
03_progressions/fiches_cours/terminale/T03/T03_fiche_cours_dictionnaires.md,terminale,,dictionnaires,,,pending,pending,pending,pending,pending,revue humaine non réalisée
03_progressions/fiches_cours/terminale/T03/T03_fiche_cours_files.md,terminale,,files,,,pending,pending,pending,pending,pending,revue humaine non réalisée
03_progressions/fiches_cours/terminale/T03/T03_fiche_cours_piles.md,terminale,,piles,,,pending,pending,pending,pending,pending,revue humaine non réalisée
03_progressions/fiches_cours/terminale/T04/T04_fiche_cours_recursivite_cas_base_terminaison.md,terminale,,récursivité,,,pending,pending,pending,pending,pending,revue humaine non réalisée
03_progressions/fiches_cours/terminale/T05/T05_fiche_cours_arbres_binaires_parcours.md,terminale,,arbres binaires,,,pending,pending,pending,pending,pending,revue humaine non réalisée
03_progressions/fiches_cours/terminale/T06/T06_fiche_cours_arbres_binaires_recherche.md,terminale,,ABR,,,pending,pending,pending,pending,pending,revue humaine non réalisée
03_progressions/fiches_cours/terminale/T07/T07_fiche_cours_graphes_modelisation_listes_matrices.md,terminale,,modélisation de graphes,,,pending,pending,pending,pending,pending,revue humaine non réalisée
03_progressions/fiches_cours/terminale/T08/T08_fiche_cours_bfs_dfs_cycles_chemins.md,terminale,,parcours de graphes,,,pending,pending,pending,pending,pending,revue humaine non réalisée
03_progressions/fiches_cours/terminale/T09/T09_fiche_cours_bases_relationnelles_cles_contraintes.md,terminale,,modèle relationnel,,,pending,pending,pending,pending,pending,revue humaine non réalisée
03_progressions/fiches_cours/terminale/T10/T10_fiche_cours_sql_insert_update_delete.md,terminale,,requêtes de modification,,,pending,pending,pending,pending,pending,revue humaine non réalisée
03_progressions/fiches_cours/terminale/T10/T10_fiche_cours_sql_select_where_join.md,terminale,,requêtes de lecture,,,pending,pending,pending,pending,pending,revue humaine non réalisée
03_progressions/fiches_cours/terminale/T11/T11_fiche_cours_processus_ordonnancement_interblocage.md,terminale,,processus,,,pending,pending,pending,pending,pending,revue humaine non réalisée
03_progressions/fiches_cours/terminale/T12/T12_fiche_cours_routage_rip_ospf.md,terminale,,routage,,,pending,pending,pending,pending,pending,revue humaine non réalisée
03_progressions/fiches_cours/terminale/T13/T13_fiche_cours_chiffrement_https.md,terminale,,chiffrement HTTPS,,,pending,pending,pending,pending,pending,revue humaine non réalisée
03_progressions/fiches_cours/terminale/T14/T14_fiche_cours_modularite_api_paradigmes_bugs.md,terminale,,modularité API,,,pending,pending,pending,pending,pending,revue humaine non réalisée
03_progressions/fiches_cours/terminale/T15/T15_fiche_cours_calculabilite_arret.md,terminale,,arrêt,,,pending,pending,pending,pending,pending,revue humaine non réalisée
03_progressions/fiches_cours/terminale/T16/T16_fiche_cours_diviser_pour_regner_tri_fusion.md,terminale,,diviser pour régner,,,pending,pending,pending,pending,pending,revue humaine non réalisée
03_progressions/fiches_cours/terminale/T17/T17_fiche_cours_programmation_dynamique.md,terminale,,programmation dynamique,,,pending,pending,pending,pending,pending,revue humaine non réalisée
03_progressions/fiches_cours/terminale/T18/T18_fiche_cours_boyer_moore.md,terminale,,Boyer-Moore,,,pending,pending,pending,pending,pending,revue humaine non réalisée
03_progressions/fiches_cours/terminale/T19/T19_fiche_cours_bac_pratique_grand_oral_projet.md,terminale,,révision projet oral,,,pending,pending,pending,pending,pending,revue humaine non réalisée
03_progressions/supports/contracts/P00_contract.yml,interne,,,,,pending,pending,pending,pending,pending,revue humaine non réalisée
03_progressions/supports/contracts/P01_contract.yml,interne,,,,,pending,pending,pending,pending,pending,revue humaine non réalisée
03_progressions/supports/contracts/P02_contract.yml,interne,,,,,pending,pending,pending,pending,pending,revue humaine non réalisée
03_progressions/supports/contracts/P03_contract.yml,interne,,,,,pending,pending,pending,pending,pending,revue humaine non réalisée
03_progressions/supports/contracts/P04_contract.yml,interne,,,,,pending,pending,pending,pending,pending,revue humaine non réalisée
03_progressions/supports/contracts/P05_contract.yml,interne,,,,,pending,pending,pending,pending,pending,revue humaine non réalisée
03_progressions/supports/contracts/P06_contract.yml,interne,,,,,pending,pending,pending,pending,pending,revue humaine non réalisée
03_progressions/supports/contracts/P07_contract.yml,interne,,,,,pending,pending,pending,pending,pending,revue humaine non réalisée
03_progressions/supports/contracts/P08_contract.yml,interne,,,,,pending,pending,pending,pending,pending,revue humaine non réalisée
03_progressions/supports/contracts/P09_contract.yml,interne,,,,,pending,pending,pending,pending,pending,revue humaine non réalisée
03_progressions/supports/contracts/P10_contract.yml,interne,,,,,pending,pending,pending,pending,pending,revue humaine non réalisée
03_progressions/supports/contracts/P11_contract.yml,interne,,,,,pending,pending,pending,pending,pending,revue humaine non réalisée
03_progressions/supports/contracts/P12_contract.yml,interne,,,,,pending,pending,pending,pending,pending,revue humaine non réalisée
03_progressions/supports/contracts/P13_contract.yml,interne,,,,,pending,pending,pending,pending,pending,revue humaine non réalisée
03_progressions/supports/contracts/P14_contract.yml,interne,,,,,pending,pending,pending,pending,pending,revue humaine non réalisée
03_progressions/supports/contracts/T00_contract.yml,interne,,,,,pending,pending,pending,pending,pending,revue humaine non réalisée
03_progressions/supports/contracts/T01_contract.yml,interne,,,,,pending,pending,pending,pending,pending,revue humaine non réalisée
03_progressions/supports/contracts/T02_contract.yml,interne,,,,,pending,pending,pending,pending,pending,revue humaine non réalisée
03_progressions/supports/contracts/T03_contract.yml,interne,,,,,pending,pending,pending,pending,pending,revue humaine non réalisée
03_progressions/supports/contracts/T04_contract.yml,interne,,,,,pending,pending,pending,pending,pending,revue humaine non réalisée
03_progressions/supports/contracts/T05_contract.yml,interne,,,,,pending,pending,pending,pending,pending,revue humaine non réalisée
03_progressions/supports/contracts/T06_contract.yml,interne,,,,,pending,pending,pending,pending,pending,revue humaine non réalisée
03_progressions/supports/contracts/T07_contract.yml,interne,,,,,pending,pending,pending,pending,pending,revue humaine non réalisée
03_progressions/supports/contracts/T08_contract.yml,interne,,,,,pending,pending,pending,pending,pending,revue humaine non réalisée
03_progressions/supports/contracts/T09_contract.yml,interne,,,,,pending,pending,pending,pending,pending,revue humaine non réalisée
03_progressions/supports/contracts/T10_contract.yml,interne,,,,,pending,pending,pending,pending,pending,revue humaine non réalisée
03_progressions/supports/contracts/T11_contract.yml,interne,,,,,pending,pending,pending,pending,pending,revue humaine non réalisée
03_progressions/supports/contracts/T12_contract.yml,interne,,,,,pending,pending,pending,pending,pending,revue humaine non réalisée
03_progressions/supports/contracts/T13_contract.yml,interne,,,,,pending,pending,pending,pending,pending,revue humaine non réalisée
03_progressions/supports/contracts/T14_contract.yml,interne,,,,,pending,pending,pending,pending,pending,revue humaine non réalisée
03_progressions/supports/contracts/T15_contract.yml,interne,,,,,pending,pending,pending,pending,pending,revue humaine non réalisée
03_progressions/supports/contracts/T16_contract.yml,interne,,,,,pending,pending,pending,pending,pending,revue humaine non réalisée
03_progressions/supports/contracts/T17_contract.yml,interne,,,,,pending,pending,pending,pending,pending,revue humaine non réalisée
03_progressions/supports/contracts/T18_contract.yml,interne,,,,,pending,pending,pending,pending,pending,revue humaine non réalisée
03_progressions/supports/contracts/T19_contract.yml,interne,,,,,pending,pending,pending,pending,pending,revue humaine non réalisée
03_progressions/supports/premiere/P00/P00_bareme_diagnostic_python.md,premiere,,"affectation, type, condition, trace d’exécution",,,pending,pending,pending,pending,pending,revue humaine non réalisée
03_progressions/supports/premiere/P00/P00_corrige_diagnostic_python.md,premiere,,"affectation, type, condition, trace d’exécution",,,pending,pending,pending,pending,pending,revue humaine non réalisée
03_progressions/supports/premiere/P00/P00_cours_diagnostic_python.md,premiere,,"affectation, type, condition, trace d’exécution",,,pending,pending,pending,pending,pending,revue humaine non réalisée
03_progressions/supports/premiere/P00/P00_evaluation_diagnostic_python.md,premiere,,"affectation, type, condition, trace d’exécution",,,pending,pending,pending,pending,pending,revue humaine non réalisée
03_progressions/supports/premiere/P00/P00_remediation_diagnostic_python.md,premiere,,"affectation, type, condition, trace d’exécution",,,pending,pending,pending,pending,pending,revue humaine non réalisée
03_progressions/supports/premiere/P00/P00_td_diagnostic_python.md,premiere,,"affectation, type, condition, trace d’exécution",,,pending,pending,pending,pending,pending,revue humaine non réalisée
03_progressions/supports/premiere/P00/P00_tp_diagnostic_python.md,premiere,,"affectation, type, condition, trace d’exécution",,,pending,pending,pending,pending,pending,revue humaine non réalisée
03_progressions/supports/premiere/P00/P00_trace_diagnostic_python.md,premiere,,"affectation, type, condition, trace d’exécution",,,pending,pending,pending,pending,pending,revue humaine non réalisée
03_progressions/supports/premiere/P00/P00_version_amenagee_diagnostic_python.md,premiere,,"affectation, type, condition, trace d’exécution",,,pending,pending,pending,pending,pending,revue humaine non réalisée
03_progressions/supports/premiere/P00/code/P00_corrige_professeur_diagnostic_python.py,premiere,,,,,pending,pending,pending,pending,pending,revue humaine non réalisée
03_progressions/supports/premiere/P00/code/P00_starter_diagnostic_python.py,premiere,,,,,pending,pending,pending,pending,pending,revue humaine non réalisée
03_progressions/supports/premiere/P00/code/P00_tests_attendus_diagnostic_python.py,premiere,,,,,pending,pending,pending,pending,pending,revue humaine non réalisée
03_progressions/supports/premiere/P01/P01_bareme_conversions_bases.md,premiere,,"base dix, base deux, base seize, écriture positionnelle",,,pending,pending,pending,pending,pending,revue humaine non réalisée
03_progressions/supports/premiere/P01/P01_corrige_conversions_bases.md,premiere,,"base dix, base deux, base seize, écriture positionnelle",,,pending,pending,pending,pending,pending,revue humaine non réalisée
03_progressions/supports/premiere/P01/P01_cours_conversions_bases.md,premiere,,"base dix, base deux, base seize, écriture positionnelle",,,pending,pending,pending,pending,pending,revue humaine non réalisée
03_progressions/supports/premiere/P01/P01_evaluation_conversions_bases.md,premiere,,"base dix, base deux, base seize, écriture positionnelle",,,pending,pending,pending,pending,pending,revue humaine non réalisée
03_progressions/supports/premiere/P01/P01_remediation_conversions_bases.md,premiere,,"base dix, base deux, base seize, écriture positionnelle",,,pending,pending,pending,pending,pending,revue humaine non réalisée
03_progressions/supports/premiere/P01/P01_td_conversions_bases.md,premiere,,"base dix, base deux, base seize, écriture positionnelle",,,pending,pending,pending,pending,pending,revue humaine non réalisée
03_progressions/supports/premiere/P01/P01_tp_conversions_bases.md,premiere,,"base dix, base deux, base seize, écriture positionnelle",,,pending,pending,pending,pending,pending,revue humaine non réalisée
03_progressions/supports/premiere/P01/P01_trace_conversions_bases.md,premiere,,"base dix, base deux, base seize, écriture positionnelle",,,pending,pending,pending,pending,pending,revue humaine non réalisée
03_progressions/supports/premiere/P01/P01_version_amenagee_conversions_bases.md,premiere,,"base dix, base deux, base seize, écriture positionnelle",,,pending,pending,pending,pending,pending,revue humaine non réalisée
03_progressions/supports/premiere/P01/code/P01_corrige_professeur_conversions_bases.py,premiere,,,,,pending,pending,pending,pending,pending,revue humaine non réalisée
03_progressions/supports/premiere/P01/code/P01_starter_conversions_bases.py,premiere,,,,,pending,pending,pending,pending,pending,revue humaine non réalisée
03_progressions/supports/premiere/P01/code/P01_tests_attendus_conversions_bases.py,premiere,,,,,pending,pending,pending,pending,pending,revue humaine non réalisée
03_progressions/supports/premiere/P02/P02_bareme_complement_booleens.md,premiere,,"entier signé, complément à deux, débordement, expression booléenne",,,pending,pending,pending,pending,pending,revue humaine non réalisée
03_progressions/supports/premiere/P02/P02_corrige_complement_booleens.md,premiere,,"entier signé, complément à deux, débordement, expression booléenne",,,pending,pending,pending,pending,pending,revue humaine non réalisée
03_progressions/supports/premiere/P02/P02_cours_complement_booleens.md,premiere,,"entier signé, complément à deux, débordement, expression booléenne",,,pending,pending,pending,pending,pending,revue humaine non réalisée
03_progressions/supports/premiere/P02/P02_evaluation_complement_booleens.md,premiere,,"entier signé, complément à deux, débordement, expression booléenne",,,pending,pending,pending,pending,pending,revue humaine non réalisée
03_progressions/supports/premiere/P02/P02_remediation_complement_booleens.md,premiere,,"entier signé, complément à deux, débordement, expression booléenne",,,pending,pending,pending,pending,pending,revue humaine non réalisée
03_progressions/supports/premiere/P02/P02_td_complement_booleens.md,premiere,,"entier signé, complément à deux, débordement, expression booléenne",,,pending,pending,pending,pending,pending,revue humaine non réalisée
03_progressions/supports/premiere/P02/P02_tp_complement_booleens.md,premiere,,"entier signé, complément à deux, débordement, expression booléenne",,,pending,pending,pending,pending,pending,revue humaine non réalisée
03_progressions/supports/premiere/P02/P02_trace_complement_booleens.md,premiere,,"entier signé, complément à deux, débordement, expression booléenne",,,pending,pending,pending,pending,pending,revue humaine non réalisée
03_progressions/supports/premiere/P02/P02_version_amenagee_complement_booleens.md,premiere,,"entier signé, complément à deux, débordement, expression booléenne",,,pending,pending,pending,pending,pending,revue humaine non réalisée
03_progressions/supports/premiere/P02/code/P02_corrige_professeur_complement_booleens.py,premiere,,,,,pending,pending,pending,pending,pending,revue humaine non réalisée
03_progressions/supports/premiere/P02/code/P02_starter_complement_booleens.py,premiere,,,,,pending,pending,pending,pending,pending,revue humaine non réalisée
03_progressions/supports/premiere/P02/code/P02_tests_attendus_complement_booleens.py,premiere,,,,,pending,pending,pending,pending,pending,revue humaine non réalisée
03_progressions/supports/premiere/P03/P03_bareme_texte_reels.md,premiere,,"Unicode, UTF-8, octet, flottant",,,pending,pending,pending,pending,pending,revue humaine non réalisée
03_progressions/supports/premiere/P03/P03_corrige_texte_reels.md,premiere,,"Unicode, UTF-8, octet, flottant",,,pending,pending,pending,pending,pending,revue humaine non réalisée
03_progressions/supports/premiere/P03/P03_cours_texte_reels.md,premiere,,"Unicode, UTF-8, octet, flottant",,,pending,pending,pending,pending,pending,revue humaine non réalisée
03_progressions/supports/premiere/P03/P03_evaluation_texte_reels.md,premiere,,"Unicode, UTF-8, octet, flottant",,,pending,pending,pending,pending,pending,revue humaine non réalisée
03_progressions/supports/premiere/P03/P03_remediation_texte_reels.md,premiere,,"Unicode, UTF-8, octet, flottant",,,pending,pending,pending,pending,pending,revue humaine non réalisée
03_progressions/supports/premiere/P03/P03_td_texte_reels.md,premiere,,"Unicode, UTF-8, octet, flottant",,,pending,pending,pending,pending,pending,revue humaine non réalisée
03_progressions/supports/premiere/P03/P03_tp_texte_reels.md,premiere,,"Unicode, UTF-8, octet, flottant",,,pending,pending,pending,pending,pending,revue humaine non réalisée
03_progressions/supports/premiere/P03/P03_trace_texte_reels.md,premiere,,"Unicode, UTF-8, octet, flottant",,,pending,pending,pending,pending,pending,revue humaine non réalisée
03_progressions/supports/premiere/P03/P03_version_amenagee_texte_reels.md,premiere,,"Unicode, UTF-8, octet, flottant",,,pending,pending,pending,pending,pending,revue humaine non réalisée
03_progressions/supports/premiere/P03/code/P03_corrige_professeur_texte_reels.py,premiere,,,,,pending,pending,pending,pending,pending,revue humaine non réalisée
03_progressions/supports/premiere/P03/code/P03_starter_texte_reels.py,premiere,,,,,pending,pending,pending,pending,pending,revue humaine non réalisée
03_progressions/supports/premiere/P03/code/P03_tests_attendus_texte_reels.py,premiere,,,,,pending,pending,pending,pending,pending,revue humaine non réalisée
03_progressions/supports/premiere/P04/P04_bareme_types_construits.md,premiere,,"tuple, liste, dictionnaire, mutabilité",,,pending,pending,pending,pending,pending,revue humaine non réalisée
03_progressions/supports/premiere/P04/P04_corrige_types_construits.md,premiere,,"tuple, liste, dictionnaire, mutabilité",,,pending,pending,pending,pending,pending,revue humaine non réalisée
03_progressions/supports/premiere/P04/P04_cours_types_construits.md,premiere,,"tuple, liste, dictionnaire, mutabilité",,,pending,pending,pending,pending,pending,revue humaine non réalisée
03_progressions/supports/premiere/P04/P04_evaluation_types_construits.md,premiere,,"tuple, liste, dictionnaire, mutabilité",,,pending,pending,pending,pending,pending,revue humaine non réalisée
03_progressions/supports/premiere/P04/P04_remediation_types_construits.md,premiere,,"tuple, liste, dictionnaire, mutabilité",,,pending,pending,pending,pending,pending,revue humaine non réalisée
03_progressions/supports/premiere/P04/P04_td_types_construits.md,premiere,,"tuple, liste, dictionnaire, mutabilité",,,pending,pending,pending,pending,pending,revue humaine non réalisée
03_progressions/supports/premiere/P04/P04_tp_types_construits.md,premiere,,"tuple, liste, dictionnaire, mutabilité",,,pending,pending,pending,pending,pending,revue humaine non réalisée
03_progressions/supports/premiere/P04/P04_trace_types_construits.md,premiere,,"tuple, liste, dictionnaire, mutabilité",,,pending,pending,pending,pending,pending,revue humaine non réalisée
03_progressions/supports/premiere/P04/P04_version_amenagee_types_construits.md,premiere,,"tuple, liste, dictionnaire, mutabilité",,,pending,pending,pending,pending,pending,revue humaine non réalisée
03_progressions/supports/premiere/P04/code/P04_corrige_professeur_types_construits.py,premiere,,,,,pending,pending,pending,pending,pending,revue humaine non réalisée
03_progressions/supports/premiere/P04/code/P04_starter_types_construits.py,premiere,,,,,pending,pending,pending,pending,pending,revue humaine non réalisée
03_progressions/supports/premiere/P04/code/P04_tests_attendus_types_construits.py,premiere,,,,,pending,pending,pending,pending,pending,revue humaine non réalisée
03_progressions/supports/premiere/P05/P05_bareme_tables_csv.md,premiere,,"table, CSV, filtrage, traitement numérique des populations",,,pending,pending,pending,pending,pending,revue humaine non réalisée
03_progressions/supports/premiere/P05/P05_corrige_tables_csv.md,premiere,,"table, CSV, filtrage, traitement numérique des populations",,,pending,pending,pending,pending,pending,revue humaine non réalisée
03_progressions/supports/premiere/P05/P05_cours_tables_csv.md,premiere,,"table, CSV, filtrage, traitement numérique des populations",,,pending,pending,pending,pending,pending,revue humaine non réalisée
03_progressions/supports/premiere/P05/P05_evaluation_tables_csv.md,premiere,,"table, CSV, filtrage, traitement numérique des populations",,,pending,pending,pending,pending,pending,revue humaine non réalisée
03_progressions/supports/premiere/P05/P05_remediation_tables_csv.md,premiere,,"table, CSV, filtrage, traitement numérique des populations",,,pending,pending,pending,pending,pending,revue humaine non réalisée
03_progressions/supports/premiere/P05/P05_td_tables_csv.md,premiere,,"table, CSV, filtrage, traitement numérique des populations",,,pending,pending,pending,pending,pending,revue humaine non réalisée
03_progressions/supports/premiere/P05/P05_tp_tables_csv.md,premiere,,"table, CSV, filtrage, traitement numérique des populations",,,pending,pending,pending,pending,pending,revue humaine non réalisée
03_progressions/supports/premiere/P05/P05_trace_tables_csv.md,premiere,,"table, CSV, filtrage, traitement numérique des populations",,,pending,pending,pending,pending,pending,revue humaine non réalisée
03_progressions/supports/premiere/P05/P05_version_amenagee_tables_csv.md,premiere,,"table, CSV, filtrage, traitement numérique des populations",,,pending,pending,pending,pending,pending,revue humaine non réalisée
03_progressions/supports/premiere/P05/code/P05_corrige_professeur_tables_csv.py,premiere,,,,,pending,pending,pending,pending,pending,revue humaine non réalisée
03_progressions/supports/premiere/P05/code/P05_starter_tables_csv.py,premiere,,,,,pending,pending,pending,pending,pending,revue humaine non réalisée
03_progressions/supports/premiere/P05/code/P05_tests_attendus_tables_csv.py,premiere,,,,,pending,pending,pending,pending,pending,revue humaine non réalisée
03_progressions/supports/premiere/P06/P06_TD_tables_recherche_tri_fusion.md,premiere,,"recherche, tri et fusion de tables",,,pending,pending,pending,pending,pending,revue humaine non réalisée
03_progressions/supports/premiere/P06/P06_bareme_tables_recherche_tri_fusion.md,premiere,,"recherche, tri et fusion de tables",,,pending,pending,pending,pending,pending,revue humaine non réalisée
03_progressions/supports/premiere/P06/P06_corrige_tables_recherche_tri_fusion.md,premiere,,"recherche, tri et fusion de tables",,,pending,pending,pending,pending,pending,revue humaine non réalisée
03_progressions/supports/premiere/P06/P06_cours_tables_recherche_tri_fusion.md,premiere,,"recherche, tri et fusion de tables",,,pending,pending,pending,pending,pending,revue humaine non réalisée
03_progressions/supports/premiere/P06/P06_evaluation_tables_recherche_tri_fusion.md,premiere,,"recherche, tri et fusion de tables",,,pending,pending,pending,pending,pending,revue humaine non réalisée
03_progressions/supports/premiere/P06/P06_remediation_tables_recherche_tri_fusion.md,premiere,,"recherche, tri et fusion de tables",,,pending,pending,pending,pending,pending,revue humaine non réalisée
03_progressions/supports/premiere/P06/P06_tp_tables_recherche_tri_fusion.md,premiere,,"recherche, tri et fusion de tables",,,pending,pending,pending,pending,pending,revue humaine non réalisée
03_progressions/supports/premiere/P06/P06_trace_tables_recherche_tri_fusion.md,premiere,,"recherche, tri et fusion de tables",,,pending,pending,pending,pending,pending,revue humaine non réalisée
03_progressions/supports/premiere/P06/P06_version_amenagee_tables_recherche_tri_fusion.md,premiere,,"recherche, tri et fusion de tables",,,pending,pending,pending,pending,pending,revue humaine non réalisée
03_progressions/supports/premiere/P06/code/P06_corrige_professeur_tables_recherche_tri_fusion.py,premiere,,,,,pending,pending,pending,pending,pending,revue humaine non réalisée
03_progressions/supports/premiere/P06/code/P06_starter_tables_recherche_tri_fusion.py,premiere,,,,,pending,pending,pending,pending,pending,revue humaine non réalisée
03_progressions/supports/premiere/P06/code/P06_tests_attendus_tables_recherche_tri_fusion.py,premiere,,,,,pending,pending,pending,pending,pending,revue humaine non réalisée
03_progressions/supports/premiere/P07/P07_TD_fonctions_tests_specifications.md,premiere,,"fonctions, tests et spécifications",,,pending,pending,pending,pending,pending,revue humaine non réalisée
03_progressions/supports/premiere/P07/P07_TP_fonctions_tests_specifications.md,premiere,,"fonctions, tests et spécifications",,,pending,pending,pending,pending,pending,revue humaine non réalisée
03_progressions/supports/premiere/P07/P07_bareme_fonctions_tests_specifications.md,premiere,,"fonctions, tests et spécifications",,,pending,pending,pending,pending,pending,revue humaine non réalisée
03_progressions/supports/premiere/P07/P07_corrige_fonctions_tests_specifications.md,premiere,,"fonctions, tests et spécifications",,,pending,pending,pending,pending,pending,revue humaine non réalisée
03_progressions/supports/premiere/P07/P07_cours_fonctions_tests_specifications.md,premiere,,"fonctions, tests et spécifications",,,pending,pending,pending,pending,pending,revue humaine non réalisée
03_progressions/supports/premiere/P07/P07_evaluation_fonctions_tests_specifications.md,premiere,,"fonctions, tests et spécifications",,,pending,pending,pending,pending,pending,revue humaine non réalisée
03_progressions/supports/premiere/P07/P07_remediation_fonctions_tests_specifications.md,premiere,,"fonctions, tests et spécifications",,,pending,pending,pending,pending,pending,revue humaine non réalisée
03_progressions/supports/premiere/P07/P07_tp_fonctions_tests_specifications.md,premiere,,"fonctions, tests et spécifications",,,pending,pending,pending,pending,pending,revue humaine non réalisée
03_progressions/supports/premiere/P07/P07_trace_fonctions_tests_specifications.md,premiere,,"fonctions, tests et spécifications",,,pending,pending,pending,pending,pending,revue humaine non réalisée
03_progressions/supports/premiere/P07/P07_version_amenagee_fonctions_tests_specifications.md,premiere,,"fonctions, tests et spécifications",,,pending,pending,pending,pending,pending,revue humaine non réalisée
03_progressions/supports/premiere/P07/code/P07_corrige_professeur_fonctions_tests_specifications.py,premiere,P07,python,,,pending,pending,pending,pending,needs_review,revue humaine non réalisée
03_progressions/supports/premiere/P07/code/P07_starter_fonctions_tests_specifications.py,premiere,P07,python,,,pending,pending,pending,pending,needs_review,revue humaine non réalisée
03_progressions/supports/premiere/P07/code/P07_tests_attendus_fonctions_tests_specifications.py,premiere,P07,python,,,pending,pending,pending,pending,needs_review,revue humaine non réalisée
03_progressions/supports/premiere/P08/P08_TD_html_css_dom.md,premiere,,"HTML, CSS, DOM, HTTP et formulaires",,,pending,pending,pending,pending,pending,revue humaine non réalisée
03_progressions/supports/premiere/P08/P08_TD_http_get_post_formulaires.md,premiere,,"HTML, CSS, DOM, HTTP et formulaires",,,pending,pending,pending,pending,pending,revue humaine non réalisée
03_progressions/supports/premiere/P08/P08_TP_html_css_dom.md,premiere,,"HTML, CSS, DOM, HTTP et formulaires",,,pending,pending,pending,pending,pending,revue humaine non réalisée
03_progressions/supports/premiere/P08/P08_TP_http_get_post_formulaires.md,premiere,,"HTML, CSS, DOM, HTTP et formulaires",,,pending,pending,pending,pending,pending,revue humaine non réalisée
03_progressions/supports/premiere/P08/P08_bareme_html_css_dom.md,premiere,,"HTML, CSS et DOM",,,pending,pending,pending,pending,pending,revue humaine non réalisée
03_progressions/supports/premiere/P08/P08_bareme_http_get_post_formulaires.md,premiere,,"HTTP, GET, POST et formulaires",,,pending,pending,pending,pending,pending,revue humaine non réalisée
03_progressions/supports/premiere/P08/P08_bareme_web_http_dom_formulaires.md,premiere,,"HTML, CSS, DOM, HTTP et formulaires",,,pending,pending,pending,pending,pending,revue humaine non réalisée
03_progressions/supports/premiere/P08/P08_corrige_html_css_dom.md,premiere,,"HTML, CSS et DOM",,,pending,pending,pending,pending,pending,revue humaine non réalisée
03_progressions/supports/premiere/P08/P08_corrige_http_get_post_formulaires.md,premiere,,"HTTP, GET, POST et formulaires",,,pending,pending,pending,pending,pending,revue humaine non réalisée
03_progressions/supports/premiere/P08/P08_corrige_web_http_dom_formulaires.md,premiere,,"HTML, CSS, DOM, HTTP et formulaires",,,pending,pending,pending,pending,pending,revue humaine non réalisée
03_progressions/supports/premiere/P08/P08_cours_web_http_dom_formulaires.md,premiere,,"HTML, CSS, DOM, HTTP et formulaires",,,pending,pending,pending,pending,pending,revue humaine non réalisée
03_progressions/supports/premiere/P08/P08_evaluation_html_css_dom.md,premiere,,"HTML, CSS, DOM, HTTP et formulaires",,,pending,pending,pending,pending,pending,revue humaine non réalisée
03_progressions/supports/premiere/P08/P08_evaluation_http_get_post_formulaires.md,premiere,,"HTML, CSS, DOM, HTTP et formulaires",,,pending,pending,pending,pending,pending,revue humaine non réalisée
03_progressions/supports/premiere/P08/P08_remediation_web_http_dom_formulaires.md,premiere,,"HTML, CSS, DOM, HTTP et formulaires",,,pending,pending,pending,pending,pending,revue humaine non réalisée
03_progressions/supports/premiere/P08/P08_trace_web_http_dom_formulaires.md,premiere,,"HTML, CSS, DOM, HTTP et formulaires",,,pending,pending,pending,pending,pending,revue humaine non réalisée
03_progressions/supports/premiere/P08/P08_version_amenagee_web_http_dom_formulaires.md,premiere,,"HTML, CSS, DOM, HTTP et formulaires",,,pending,pending,pending,pending,pending,revue humaine non réalisée
03_progressions/supports/premiere/P08/code/P08_corrige_professeur_web_http_dom_formulaires.py,premiere,P08,python,,,pending,pending,pending,pending,needs_review,revue humaine non réalisée
03_progressions/supports/premiere/P08/code/P08_starter_web_http_dom_formulaires.py,premiere,P08,python,,,pending,pending,pending,pending,needs_review,revue humaine non réalisée
03_progressions/supports/premiere/P08/code/P08_tests_attendus_web_http_dom_formulaires.py,premiere,P08,python,,,pending,pending,pending,pending,needs_review,revue humaine non réalisée
03_progressions/supports/premiere/P09/P09_TD_architecture_os_droits.md,premiere,,"architecture, système et droits Unix",,,pending,pending,pending,pending,pending,revue humaine non réalisée
03_progressions/supports/premiere/P09/P09_bareme_architecture_os_droits.md,premiere,,"architecture, système et droits Unix",,,pending,pending,pending,pending,pending,revue humaine non réalisée
03_progressions/supports/premiere/P09/P09_corrige_architecture_os_droits.md,premiere,,"architecture, système et droits Unix",,,pending,pending,pending,pending,pending,revue humaine non réalisée
03_progressions/supports/premiere/P09/P09_cours_architecture_os_droits.md,premiere,,"architecture, système et droits Unix",,,pending,pending,pending,pending,pending,revue humaine non réalisée
03_progressions/supports/premiere/P09/P09_evaluation_architecture_os_droits.md,premiere,,"architecture, système et droits Unix",,,pending,pending,pending,pending,pending,revue humaine non réalisée
03_progressions/supports/premiere/P09/P09_remediation_architecture_os_droits.md,premiere,,"architecture, système et droits Unix",,,pending,pending,pending,pending,pending,revue humaine non réalisée
03_progressions/supports/premiere/P09/P09_tp_architecture_os_droits.md,premiere,,"architecture, système et droits Unix",,,pending,pending,pending,pending,pending,revue humaine non réalisée
03_progressions/supports/premiere/P09/P09_trace_architecture_os_droits.md,premiere,,"architecture, système et droits Unix",,,pending,pending,pending,pending,pending,revue humaine non réalisée
03_progressions/supports/premiere/P09/P09_version_amenagee_architecture_os_droits.md,premiere,,"architecture, système et droits Unix",,,pending,pending,pending,pending,pending,revue humaine non réalisée
03_progressions/supports/premiere/P09/code/P09_corrige_professeur_architecture_os_droits.py,premiere,P09,python,,,pending,pending,pending,pending,needs_review,revue humaine non réalisée
03_progressions/supports/premiere/P09/code/P09_starter_architecture_os_droits.py,premiere,P09,python,,,pending,pending,pending,pending,needs_review,revue humaine non réalisée
03_progressions/supports/premiere/P09/code/P09_tests_attendus_architecture_os_droits.py,premiere,P09,python,,,pending,pending,pending,pending,needs_review,revue humaine non réalisée
03_progressions/supports/premiere/P10/P10_TD_reseaux_protocoles_paquets.md,premiere,,"réseaux, protocoles et paquets",,,pending,pending,pending,pending,pending,revue humaine non réalisée
03_progressions/supports/premiere/P10/P10_bareme_reseaux_protocoles_paquets.md,premiere,,"réseaux, protocoles et paquets",,,pending,pending,pending,pending,pending,revue humaine non réalisée
03_progressions/supports/premiere/P10/P10_corrige_reseaux_protocoles_paquets.md,premiere,,"réseaux, protocoles et paquets",,,pending,pending,pending,pending,pending,revue humaine non réalisée
03_progressions/supports/premiere/P10/P10_cours_reseaux_protocoles_paquets.md,premiere,,"réseaux, protocoles et paquets",,,pending,pending,pending,pending,pending,revue humaine non réalisée
03_progressions/supports/premiere/P10/P10_evaluation_reseaux_protocoles_paquets.md,premiere,,"réseaux, protocoles et paquets",,,pending,pending,pending,pending,pending,revue humaine non réalisée
03_progressions/supports/premiere/P10/P10_remediation_reseaux_protocoles_paquets.md,premiere,,"réseaux, protocoles et paquets",,,pending,pending,pending,pending,pending,revue humaine non réalisée
03_progressions/supports/premiere/P10/P10_tp_reseaux_protocoles_paquets.md,premiere,,"réseaux, protocoles et paquets",,,pending,pending,pending,pending,pending,revue humaine non réalisée
03_progressions/supports/premiere/P10/P10_trace_reseaux_protocoles_paquets.md,premiere,,"réseaux, protocoles et paquets",,,pending,pending,pending,pending,pending,revue humaine non réalisée
03_progressions/supports/premiere/P10/P10_version_amenagee_reseaux_protocoles_paquets.md,premiere,,"réseaux, protocoles et paquets",,,pending,pending,pending,pending,pending,revue humaine non réalisée
03_progressions/supports/premiere/P10/code/P10_corrige_professeur_reseaux_protocoles_paquets.py,premiere,P10,python,,,pending,pending,pending,pending,needs_review,revue humaine non réalisée
03_progressions/supports/premiere/P10/code/P10_starter_reseaux_protocoles_paquets.py,premiere,P10,python,,,pending,pending,pending,pending,needs_review,revue humaine non réalisée
03_progressions/supports/premiere/P10/code/P10_tests_attendus_reseaux_protocoles_paquets.py,premiere,P10,python,,,pending,pending,pending,pending,needs_review,revue humaine non réalisée
03_progressions/supports/premiere/P11/P11_TD_parcours_recherche_extremum_moyenne.md,premiere,,"parcours, recherche, extremum et moyenne",,,pending,pending,pending,pending,pending,revue humaine non réalisée
03_progressions/supports/premiere/P11/P11_bareme_parcours_recherche_extremum_moyenne.md,premiere,,"parcours, recherche, extremum et moyenne",,,pending,pending,pending,pending,pending,revue humaine non réalisée
03_progressions/supports/premiere/P11/P11_corrige_parcours_recherche_extremum_moyenne.md,premiere,,"parcours, recherche, extremum et moyenne",,,pending,pending,pending,pending,pending,revue humaine non réalisée
03_progressions/supports/premiere/P11/P11_cours_parcours_recherche_extremum_moyenne.md,premiere,,"parcours, recherche, extremum et moyenne",,,pending,pending,pending,pending,pending,revue humaine non réalisée
03_progressions/supports/premiere/P11/P11_evaluation_parcours_recherche_extremum_moyenne.md,premiere,,"parcours, recherche, extremum et moyenne",,,pending,pending,pending,pending,pending,revue humaine non réalisée
03_progressions/supports/premiere/P11/P11_remediation_parcours_recherche_extremum_moyenne.md,premiere,,"parcours, recherche, extremum et moyenne",,,pending,pending,pending,pending,pending,revue humaine non réalisée
03_progressions/supports/premiere/P11/P11_tp_parcours_recherche_extremum_moyenne.md,premiere,,"parcours, recherche, extremum et moyenne",,,pending,pending,pending,pending,pending,revue humaine non réalisée
03_progressions/supports/premiere/P11/P11_trace_parcours_recherche_extremum_moyenne.md,premiere,,"parcours, recherche, extremum et moyenne",,,pending,pending,pending,pending,pending,revue humaine non réalisée
03_progressions/supports/premiere/P11/P11_version_amenagee_parcours_recherche_extremum_moyenne.md,premiere,,"parcours, recherche, extremum et moyenne",,,pending,pending,pending,pending,pending,revue humaine non réalisée
03_progressions/supports/premiere/P11/code/P11_corrige_professeur_parcours_recherche_extremum_moyenne.py,premiere,P11,python,,,pending,pending,pending,pending,needs_review,revue humaine non réalisée
03_progressions/supports/premiere/P11/code/P11_starter_parcours_recherche_extremum_moyenne.py,premiere,P11,python,,,pending,pending,pending,pending,needs_review,revue humaine non réalisée
03_progressions/supports/premiere/P11/code/P11_tests_attendus_parcours_recherche_extremum_moyenne.py,premiere,P11,python,,,pending,pending,pending,pending,needs_review,revue humaine non réalisée
03_progressions/supports/premiere/P12/P12_TD_tris_invariants_complexite.md,premiere,,"tris, invariants et complexité",,,pending,pending,pending,pending,pending,revue humaine non réalisée
03_progressions/supports/premiere/P12/P12_bareme_tris_invariants_complexite.md,premiere,,"tris, invariants et complexité",,,pending,pending,pending,pending,pending,revue humaine non réalisée
03_progressions/supports/premiere/P12/P12_corrige_tris_invariants_complexite.md,premiere,,"tris, invariants et complexité",,,pending,pending,pending,pending,pending,revue humaine non réalisée
03_progressions/supports/premiere/P12/P12_cours_tris_invariants_complexite.md,premiere,,"tris, invariants et complexité",,,pending,pending,pending,pending,pending,revue humaine non réalisée
03_progressions/supports/premiere/P12/P12_evaluation_tris_invariants_complexite.md,premiere,,"tris, invariants et complexité",,,pending,pending,pending,pending,pending,revue humaine non réalisée
03_progressions/supports/premiere/P12/P12_remediation_tris_invariants_complexite.md,premiere,,"tris, invariants et complexité",,,pending,pending,pending,pending,pending,revue humaine non réalisée
03_progressions/supports/premiere/P12/P12_tp_tris_invariants_complexite.md,premiere,,"tris, invariants et complexité",,,pending,pending,pending,pending,pending,revue humaine non réalisée
03_progressions/supports/premiere/P12/P12_trace_tris_invariants_complexite.md,premiere,,"tris, invariants et complexité",,,pending,pending,pending,pending,pending,revue humaine non réalisée
03_progressions/supports/premiere/P12/P12_version_amenagee_tris_invariants_complexite.md,premiere,,"tris, invariants et complexité",,,pending,pending,pending,pending,pending,revue humaine non réalisée
03_progressions/supports/premiere/P12/code/P12_corrige_professeur_tris_invariants_complexite.py,premiere,,,,,pending,pending,pending,pending,pending,revue humaine non réalisée
03_progressions/supports/premiere/P12/code/P12_starter_tris_invariants_complexite.py,premiere,,,,,pending,pending,pending,pending,pending,revue humaine non réalisée
03_progressions/supports/premiere/P12/code/P12_tests_attendus_tris_invariants_complexite.py,premiere,,,,,pending,pending,pending,pending,pending,revue humaine non réalisée
03_progressions/supports/premiere/P13/P13_TD_dichotomie_glouton_knn.md,premiere,,"dichotomie, glouton et k-NN",,,pending,pending,pending,pending,pending,revue humaine non réalisée
03_progressions/supports/premiere/P13/P13_bareme_dichotomie_glouton_knn.md,premiere,,"dichotomie, glouton et k-NN",,,pending,pending,pending,pending,pending,revue humaine non réalisée
03_progressions/supports/premiere/P13/P13_corrige_dichotomie_glouton_knn.md,premiere,,"dichotomie, glouton et k-NN",,,pending,pending,pending,pending,pending,revue humaine non réalisée
03_progressions/supports/premiere/P13/P13_cours_dichotomie_glouton_knn.md,premiere,,"dichotomie, glouton et k-NN",,,pending,pending,pending,pending,pending,revue humaine non réalisée
03_progressions/supports/premiere/P13/P13_evaluation_dichotomie_glouton_knn.md,premiere,,"dichotomie, glouton et k-NN",,,pending,pending,pending,pending,pending,revue humaine non réalisée
03_progressions/supports/premiere/P13/P13_remediation_dichotomie_glouton_knn.md,premiere,,"dichotomie, glouton et k-NN",,,pending,pending,pending,pending,pending,revue humaine non réalisée
03_progressions/supports/premiere/P13/P13_tp_dichotomie_glouton_knn.md,premiere,,"dichotomie, glouton et k-NN",,,pending,pending,pending,pending,pending,revue humaine non réalisée
03_progressions/supports/premiere/P13/P13_trace_dichotomie_glouton_knn.md,premiere,,"dichotomie, glouton et k-NN",,,pending,pending,pending,pending,pending,revue humaine non réalisée
03_progressions/supports/premiere/P13/P13_version_amenagee_dichotomie_glouton_knn.md,premiere,,"dichotomie, glouton et k-NN",,,pending,pending,pending,pending,pending,revue humaine non réalisée
03_progressions/supports/premiere/P14/P14_TD_synthese_projet_oral.md,premiere,,"synthèse, projet et oral",,,pending,pending,pending,pending,pending,revue humaine non réalisée
03_progressions/supports/premiere/P14/P14_bareme_synthese_projet_oral.md,premiere,,"synthèse, projet et oral",,,pending,pending,pending,pending,pending,revue humaine non réalisée
03_progressions/supports/premiere/P14/P14_corrige_synthese_projet_oral.md,premiere,,"synthèse, projet et oral",,,pending,pending,pending,pending,pending,revue humaine non réalisée
03_progressions/supports/premiere/P14/P14_cours_synthese_projet_oral.md,premiere,,"synthèse, projet et oral",,,pending,pending,pending,pending,pending,revue humaine non réalisée
03_progressions/supports/premiere/P14/P14_evaluation_synthese_projet_oral.md,premiere,,"synthèse, projet et oral",,,pending,pending,pending,pending,pending,revue humaine non réalisée
03_progressions/supports/premiere/P14/P14_remediation_synthese_projet_oral.md,premiere,,"synthèse, projet et oral",,,pending,pending,pending,pending,pending,revue humaine non réalisée
03_progressions/supports/premiere/P14/P14_tp_synthese_projet_oral.md,premiere,,"synthèse, projet et oral",,,pending,pending,pending,pending,pending,revue humaine non réalisée
03_progressions/supports/premiere/P14/P14_trace_synthese_projet_oral.md,premiere,,"synthèse, projet et oral",,,pending,pending,pending,pending,pending,revue humaine non réalisée
03_progressions/supports/premiere/P14/P14_version_amenagee_synthese_projet_oral.md,premiere,,"synthèse, projet et oral",,,pending,pending,pending,pending,pending,revue humaine non réalisée
03_progressions/supports/terminale/T00/T00_bareme_diagnostic_tests.md,terminale,,"fonction, assertion, cas limite, spécification",,,pending,pending,pending,pending,pending,revue humaine non réalisée
03_progressions/supports/terminale/T00/T00_corrige_diagnostic_tests.md,terminale,,"fonction, assertion, cas limite, spécification",,,pending,pending,pending,pending,pending,revue humaine non réalisée
03_progressions/supports/terminale/T00/T00_cours_diagnostic_tests.md,terminale,,"fonction, assertion, cas limite, spécification",,,pending,pending,pending,pending,pending,revue humaine non réalisée
03_progressions/supports/terminale/T00/T00_evaluation_diagnostic_tests.md,terminale,,"fonction, assertion, cas limite, spécification",,,pending,pending,pending,pending,pending,revue humaine non réalisée
03_progressions/supports/terminale/T00/T00_remediation_diagnostic_tests.md,terminale,,"fonction, assertion, cas limite, spécification",,,pending,pending,pending,pending,pending,revue humaine non réalisée
03_progressions/supports/terminale/T00/T00_td_diagnostic_tests.md,terminale,,"fonction, assertion, cas limite, spécification",,,pending,pending,pending,pending,pending,revue humaine non réalisée
03_progressions/supports/terminale/T00/T00_tp_diagnostic_tests.md,terminale,,"fonction, assertion, cas limite, spécification",,,pending,pending,pending,pending,pending,revue humaine non réalisée
03_progressions/supports/terminale/T00/T00_trace_diagnostic_tests.md,terminale,,"fonction, assertion, cas limite, spécification",,,pending,pending,pending,pending,pending,revue humaine non réalisée
03_progressions/supports/terminale/T00/T00_version_amenagee_diagnostic_tests.md,terminale,,"fonction, assertion, cas limite, spécification",,,pending,pending,pending,pending,pending,revue humaine non réalisée
03_progressions/supports/terminale/T00/code/T00_corrige_professeur_diagnostic_tests.py,terminale,,,,,pending,pending,pending,pending,pending,revue humaine non réalisée
03_progressions/supports/terminale/T00/code/T00_starter_diagnostic_tests.py,terminale,,,,,pending,pending,pending,pending,pending,revue humaine non réalisée
03_progressions/supports/terminale/T00/code/T00_tests_attendus_diagnostic_tests.py,terminale,,,,,pending,pending,pending,pending,pending,revue humaine non réalisée
03_progressions/supports/terminale/T01/T01_bareme_interfaces_structures.md,terminale,,"interface, invariant, pile, file",,,pending,pending,pending,pending,pending,revue humaine non réalisée
03_progressions/supports/terminale/T01/T01_corrige_interfaces_structures.md,terminale,,"interface, invariant, pile, file",,,pending,pending,pending,pending,pending,revue humaine non réalisée
03_progressions/supports/terminale/T01/T01_cours_interfaces_structures.md,terminale,,"interface, invariant, pile, file",,,pending,pending,pending,pending,pending,revue humaine non réalisée
03_progressions/supports/terminale/T01/T01_evaluation_interfaces_structures.md,terminale,,"interface, invariant, pile, file",,,pending,pending,pending,pending,pending,revue humaine non réalisée
03_progressions/supports/terminale/T01/T01_remediation_interfaces_structures.md,terminale,,"interface, invariant, pile, file",,,pending,pending,pending,pending,pending,revue humaine non réalisée
03_progressions/supports/terminale/T01/T01_td_interfaces_structures.md,terminale,,"interface, invariant, pile, file",,,pending,pending,pending,pending,pending,revue humaine non réalisée
03_progressions/supports/terminale/T01/T01_tp_interfaces_structures.md,terminale,,"interface, invariant, pile, file",,,pending,pending,pending,pending,pending,revue humaine non réalisée
03_progressions/supports/terminale/T01/T01_trace_interfaces_structures.md,terminale,,"interface, invariant, pile, file",,,pending,pending,pending,pending,pending,revue humaine non réalisée
03_progressions/supports/terminale/T01/T01_version_amenagee_interfaces_structures.md,terminale,,"interface, invariant, pile, file",,,pending,pending,pending,pending,pending,revue humaine non réalisée
03_progressions/supports/terminale/T01/code/T01_corrige_professeur_interfaces_structures.py,terminale,,,,,pending,pending,pending,pending,pending,revue humaine non réalisée
03_progressions/supports/terminale/T01/code/T01_starter_interfaces_structures.py,terminale,,,,,pending,pending,pending,pending,pending,revue humaine non réalisée
03_progressions/supports/terminale/T01/code/T01_tests_attendus_interfaces_structures.py,terminale,,,,,pending,pending,pending,pending,pending,revue humaine non réalisée
03_progressions/supports/terminale/T02/T02_bareme_classes_objets.md,terminale,,"classe, attribut, méthode, invariant",,,pending,pending,pending,pending,pending,revue humaine non réalisée
03_progressions/supports/terminale/T02/T02_corrige_classes_objets.md,terminale,,"classe, attribut, méthode, invariant",,,pending,pending,pending,pending,pending,revue humaine non réalisée
03_progressions/supports/terminale/T02/T02_cours_classes_objets.md,terminale,,"classe, attribut, méthode, invariant",,,pending,pending,pending,pending,pending,revue humaine non réalisée
03_progressions/supports/terminale/T02/T02_evaluation_classes_objets.md,terminale,,"classe, attribut, méthode, invariant",,,pending,pending,pending,pending,pending,revue humaine non réalisée
03_progressions/supports/terminale/T02/T02_remediation_classes_objets.md,terminale,,"classe, attribut, méthode, invariant",,,pending,pending,pending,pending,pending,revue humaine non réalisée
03_progressions/supports/terminale/T02/T02_td_classes_objets.md,terminale,,"classe, attribut, méthode, invariant",,,pending,pending,pending,pending,pending,revue humaine non réalisée
03_progressions/supports/terminale/T02/T02_tp_classes_objets.md,terminale,,"classe, attribut, méthode, invariant",,,pending,pending,pending,pending,pending,revue humaine non réalisée
03_progressions/supports/terminale/T02/T02_trace_classes_objets.md,terminale,,"classe, attribut, méthode, invariant",,,pending,pending,pending,pending,pending,revue humaine non réalisée
03_progressions/supports/terminale/T02/T02_version_amenagee_classes_objets.md,terminale,,"classe, attribut, méthode, invariant",,,pending,pending,pending,pending,pending,revue humaine non réalisée
03_progressions/supports/terminale/T02/code/T02_corrige_professeur_classes_objets.py,terminale,,,,,pending,pending,pending,pending,pending,revue humaine non réalisée
03_progressions/supports/terminale/T02/code/T02_starter_classes_objets.py,terminale,,,,,pending,pending,pending,pending,pending,revue humaine non réalisée
03_progressions/supports/terminale/T02/code/T02_tests_attendus_classes_objets.py,terminale,,,,,pending,pending,pending,pending,pending,revue humaine non réalisée
03_progressions/supports/terminale/T03/T03_bareme_piles_files_dictionnaires.md,terminale,,"pile, file, dictionnaire, complexité",,,pending,pending,pending,pending,pending,revue humaine non réalisée
03_progressions/supports/terminale/T03/T03_corrige_piles_files_dictionnaires.md,terminale,,"pile, file, dictionnaire, complexité",,,pending,pending,pending,pending,pending,revue humaine non réalisée
03_progressions/supports/terminale/T03/T03_cours_piles_files_dictionnaires.md,terminale,,"pile, file, dictionnaire, complexité",,,pending,pending,pending,pending,pending,revue humaine non réalisée
03_progressions/supports/terminale/T03/T03_evaluation_piles_files_dictionnaires.md,terminale,,"pile, file, dictionnaire, complexité",,,pending,pending,pending,pending,pending,revue humaine non réalisée
03_progressions/supports/terminale/T03/T03_remediation_piles_files_dictionnaires.md,terminale,,"pile, file, dictionnaire, complexité",,,pending,pending,pending,pending,pending,revue humaine non réalisée
03_progressions/supports/terminale/T03/T03_td_piles_files_dictionnaires.md,terminale,,"pile, file, dictionnaire, complexité",,,pending,pending,pending,pending,pending,revue humaine non réalisée
03_progressions/supports/terminale/T03/T03_tp_piles_files_dictionnaires.md,terminale,,"pile, file, dictionnaire, complexité",,,pending,pending,pending,pending,pending,revue humaine non réalisée
03_progressions/supports/terminale/T03/T03_trace_piles_files_dictionnaires.md,terminale,,"pile, file, dictionnaire, complexité",,,pending,pending,pending,pending,pending,revue humaine non réalisée
03_progressions/supports/terminale/T03/T03_version_amenagee_piles_files_dictionnaires.md,terminale,,"pile, file, dictionnaire, complexité",,,pending,pending,pending,pending,pending,revue humaine non réalisée
03_progressions/supports/terminale/T03/code/T03_corrige_professeur_piles_files_dictionnaires.py,terminale,,,,,pending,pending,pending,pending,pending,revue humaine non réalisée
03_progressions/supports/terminale/T03/code/T03_starter_piles_files_dictionnaires.py,terminale,,,,,pending,pending,pending,pending,pending,revue humaine non réalisée
03_progressions/supports/terminale/T03/code/T03_tests_attendus_piles_files_dictionnaires.py,terminale,,,,,pending,pending,pending,pending,pending,revue humaine non réalisée
03_progressions/supports/terminale/T04/T04_bareme_recursivite.md,terminale,,"appel récursif, cas de base, terminaison, pile d’appels",,,pending,pending,pending,pending,pending,revue humaine non réalisée
03_progressions/supports/terminale/T04/T04_corrige_recursivite.md,terminale,,"appel récursif, cas de base, terminaison, pile d’appels",,,pending,pending,pending,pending,pending,revue humaine non réalisée
03_progressions/supports/terminale/T04/T04_cours_recursivite.md,terminale,,"appel récursif, cas de base, terminaison, pile d’appels",,,pending,pending,pending,pending,pending,revue humaine non réalisée
03_progressions/supports/terminale/T04/T04_evaluation_recursivite.md,terminale,,"appel récursif, cas de base, terminaison, pile d’appels",,,pending,pending,pending,pending,pending,revue humaine non réalisée
03_progressions/supports/terminale/T04/T04_remediation_recursivite.md,terminale,,"appel récursif, cas de base, terminaison, pile d’appels",,,pending,pending,pending,pending,pending,revue humaine non réalisée
03_progressions/supports/terminale/T04/T04_td_recursivite.md,terminale,,"appel récursif, cas de base, terminaison, pile d’appels",,,pending,pending,pending,pending,pending,revue humaine non réalisée
03_progressions/supports/terminale/T04/T04_tp_recursivite.md,terminale,,"appel récursif, cas de base, terminaison, pile d’appels",,,pending,pending,pending,pending,pending,revue humaine non réalisée
03_progressions/supports/terminale/T04/T04_trace_recursivite.md,terminale,,"appel récursif, cas de base, terminaison, pile d’appels",,,pending,pending,pending,pending,pending,revue humaine non réalisée
03_progressions/supports/terminale/T04/T04_version_amenagee_recursivite.md,terminale,,"appel récursif, cas de base, terminaison, pile d’appels",,,pending,pending,pending,pending,pending,revue humaine non réalisée
03_progressions/supports/terminale/T04/code/T04_corrige_professeur_recursivite.py,terminale,,,,,pending,pending,pending,pending,pending,revue humaine non réalisée
03_progressions/supports/terminale/T04/code/T04_starter_recursivite.py,terminale,,,,,pending,pending,pending,pending,pending,revue humaine non réalisée
03_progressions/supports/terminale/T04/code/T04_tests_attendus_recursivite.py,terminale,,,,,pending,pending,pending,pending,pending,revue humaine non réalisée
03_progressions/supports/terminale/T05/T05_bareme_arbres_binaires.md,terminale,,"arbre binaire, racine, feuille, parcours",,,pending,pending,pending,pending,pending,revue humaine non réalisée
03_progressions/supports/terminale/T05/T05_corrige_arbres_binaires.md,terminale,,"arbre binaire, racine, feuille, parcours",,,pending,pending,pending,pending,pending,revue humaine non réalisée
03_progressions/supports/terminale/T05/T05_cours_arbres_binaires.md,terminale,,"arbre binaire, racine, feuille, parcours",,,pending,pending,pending,pending,pending,revue humaine non réalisée
03_progressions/supports/terminale/T05/T05_evaluation_arbres_binaires.md,terminale,,"arbre binaire, racine, feuille, parcours",,,pending,pending,pending,pending,pending,revue humaine non réalisée
03_progressions/supports/terminale/T05/T05_remediation_arbres_binaires.md,terminale,,"arbre binaire, racine, feuille, parcours",,,pending,pending,pending,pending,pending,revue humaine non réalisée
03_progressions/supports/terminale/T05/T05_td_arbres_binaires.md,terminale,,"arbre binaire, racine, feuille, parcours",,,pending,pending,pending,pending,pending,revue humaine non réalisée
03_progressions/supports/terminale/T05/T05_tp_arbres_binaires.md,terminale,,"arbre binaire, racine, feuille, parcours",,,pending,pending,pending,pending,pending,revue humaine non réalisée
03_progressions/supports/terminale/T05/T05_trace_arbres_binaires.md,terminale,,"arbre binaire, racine, feuille, parcours",,,pending,pending,pending,pending,pending,revue humaine non réalisée
03_progressions/supports/terminale/T05/T05_version_amenagee_arbres_binaires.md,terminale,,"arbre binaire, racine, feuille, parcours",,,pending,pending,pending,pending,pending,revue humaine non réalisée
03_progressions/supports/terminale/T05/code/T05_corrige_professeur_arbres_binaires.py,terminale,,,,,pending,pending,pending,pending,pending,revue humaine non réalisée
03_progressions/supports/terminale/T05/code/T05_starter_arbres_binaires.py,terminale,,,,,pending,pending,pending,pending,pending,revue humaine non réalisée
03_progressions/supports/terminale/T05/code/T05_tests_attendus_arbres_binaires.py,terminale,,,,,pending,pending,pending,pending,pending,revue humaine non réalisée
03_progressions/supports/terminale/T06/T06_TD_arbres_binaires_recherche.md,terminale,,arbres binaires de recherche,,,pending,pending,pending,pending,pending,revue humaine non réalisée
03_progressions/supports/terminale/T06/T06_TP_arbres_binaires_recherche.md,terminale,,arbres binaires de recherche,,,pending,pending,pending,pending,pending,revue humaine non réalisée
03_progressions/supports/terminale/T06/T06_bareme_arbres_binaires_recherche.md,terminale,,arbres binaires de recherche,,,pending,pending,pending,pending,pending,revue humaine non réalisée
03_progressions/supports/terminale/T06/T06_corrige_arbres_binaires_recherche.md,terminale,,arbres binaires de recherche,,,pending,pending,pending,pending,pending,revue humaine non réalisée
03_progressions/supports/terminale/T06/T06_cours_arbres_binaires_recherche.md,terminale,,arbres binaires de recherche,,,pending,pending,pending,pending,pending,revue humaine non réalisée
03_progressions/supports/terminale/T06/T06_evaluation_arbres_binaires_recherche.md,terminale,,arbres binaires de recherche,,,pending,pending,pending,pending,pending,revue humaine non réalisée
03_progressions/supports/terminale/T06/T06_remediation_arbres_binaires_recherche.md,terminale,,arbres binaires de recherche,,,pending,pending,pending,pending,pending,revue humaine non réalisée
03_progressions/supports/terminale/T06/T06_tp_arbres_binaires_recherche.md,terminale,,arbres binaires de recherche,,,pending,pending,pending,pending,pending,revue humaine non réalisée
03_progressions/supports/terminale/T06/T06_trace_arbres_binaires_recherche.md,terminale,,arbres binaires de recherche,,,pending,pending,pending,pending,pending,revue humaine non réalisée
03_progressions/supports/terminale/T06/T06_version_amenagee_arbres_binaires_recherche.md,terminale,,arbres binaires de recherche,,,pending,pending,pending,pending,pending,revue humaine non réalisée
03_progressions/supports/terminale/T06/code/T06_corrige_professeur_arbres_binaires_recherche.py,terminale,,,,,pending,pending,pending,pending,pending,revue humaine non réalisée
03_progressions/supports/terminale/T06/code/T06_starter_arbres_binaires_recherche.py,terminale,,,,,pending,pending,pending,pending,pending,revue humaine non réalisée
03_progressions/supports/terminale/T06/code/T06_tests_attendus_arbres_binaires_recherche.py,terminale,,,,,pending,pending,pending,pending,pending,revue humaine non réalisée
03_progressions/supports/terminale/T07/T07_TD_graphes_modelisation_listes_matrices.md,terminale,,"graphes, listes et matrices",,,pending,pending,pending,pending,pending,revue humaine non réalisée
03_progressions/supports/terminale/T07/T07_TP_graphes_modelisation_listes_matrices.md,terminale,,"graphes, listes et matrices",,,pending,pending,pending,pending,pending,revue humaine non réalisée
03_progressions/supports/terminale/T07/T07_bareme_graphes_modelisation_listes_matrices.md,terminale,,"graphes, listes et matrices",,,pending,pending,pending,pending,pending,revue humaine non réalisée
03_progressions/supports/terminale/T07/T07_corrige_graphes_modelisation_listes_matrices.md,terminale,,"graphes, listes et matrices",,,pending,pending,pending,pending,pending,revue humaine non réalisée
03_progressions/supports/terminale/T07/T07_cours_graphes_modelisation_listes_matrices.md,terminale,,"graphes, listes et matrices",,,pending,pending,pending,pending,pending,revue humaine non réalisée
03_progressions/supports/terminale/T07/T07_evaluation_graphes_modelisation_listes_matrices.md,terminale,,"graphes, listes et matrices",,,pending,pending,pending,pending,pending,revue humaine non réalisée
03_progressions/supports/terminale/T07/T07_remediation_graphes_modelisation_listes_matrices.md,terminale,,"graphes, listes et matrices",,,pending,pending,pending,pending,pending,revue humaine non réalisée
03_progressions/supports/terminale/T07/T07_tp_graphes_modelisation_listes_matrices.md,terminale,,"graphes, listes et matrices",,,pending,pending,pending,pending,pending,revue humaine non réalisée
03_progressions/supports/terminale/T07/T07_trace_graphes_modelisation_listes_matrices.md,terminale,,"graphes, listes et matrices",,,pending,pending,pending,pending,pending,revue humaine non réalisée
03_progressions/supports/terminale/T07/T07_version_amenagee_graphes_modelisation_listes_matrices.md,terminale,,"graphes, listes et matrices",,,pending,pending,pending,pending,pending,revue humaine non réalisée
03_progressions/supports/terminale/T07/code/T07_corrige_professeur_graphes_modelisation_listes_matrices.py,terminale,,,,,pending,pending,pending,pending,pending,revue humaine non réalisée
03_progressions/supports/terminale/T07/code/T07_starter_graphes_modelisation_listes_matrices.py,terminale,,,,,pending,pending,pending,pending,pending,revue humaine non réalisée
03_progressions/supports/terminale/T07/code/T07_tests_attendus_graphes_modelisation_listes_matrices.py,terminale,,,,,pending,pending,pending,pending,pending,revue humaine non réalisée
03_progressions/supports/terminale/T08/T08_TD_bfs_dfs_cycles_chemins.md,terminale,,"BFS, DFS, cycles et chemins",,,pending,pending,pending,pending,pending,revue humaine non réalisée
03_progressions/supports/terminale/T08/T08_TP_bfs_dfs_cycles_chemins.md,terminale,,"BFS, DFS, cycles et chemins",,,pending,pending,pending,pending,pending,revue humaine non réalisée
03_progressions/supports/terminale/T08/T08_bareme_bfs_dfs_cycles_chemins.md,terminale,,"BFS, DFS, cycles et chemins",,,pending,pending,pending,pending,pending,revue humaine non réalisée
03_progressions/supports/terminale/T08/T08_corrige_bfs_dfs_cycles_chemins.md,terminale,,"BFS, DFS, cycles et chemins",,,pending,pending,pending,pending,pending,revue humaine non réalisée
03_progressions/supports/terminale/T08/T08_cours_bfs_dfs_cycles_chemins.md,terminale,,"BFS, DFS, cycles et chemins",,,pending,pending,pending,pending,pending,revue humaine non réalisée
03_progressions/supports/terminale/T08/T08_evaluation_bfs_dfs_cycles_chemins.md,terminale,,"BFS, DFS, cycles et chemins",,,pending,pending,pending,pending,pending,revue humaine non réalisée
03_progressions/supports/terminale/T08/T08_remediation_bfs_dfs_cycles_chemins.md,terminale,,"BFS, DFS, cycles et chemins",,,pending,pending,pending,pending,pending,revue humaine non réalisée
03_progressions/supports/terminale/T08/T08_tp_bfs_dfs_cycles_chemins.md,terminale,,"BFS, DFS, cycles et chemins",,,pending,pending,pending,pending,pending,revue humaine non réalisée
03_progressions/supports/terminale/T08/T08_trace_bfs_dfs_cycles_chemins.md,terminale,,"BFS, DFS, cycles et chemins",,,pending,pending,pending,pending,pending,revue humaine non réalisée
03_progressions/supports/terminale/T08/T08_version_amenagee_bfs_dfs_cycles_chemins.md,terminale,,"BFS, DFS, cycles et chemins",,,pending,pending,pending,pending,pending,revue humaine non réalisée
03_progressions/supports/terminale/T08/code/T08_corrige_professeur_bfs_dfs_cycles_chemins.py,terminale,,,,,pending,pending,pending,pending,pending,revue humaine non réalisée
03_progressions/supports/terminale/T08/code/T08_starter_bfs_dfs_cycles_chemins.py,terminale,,,,,pending,pending,pending,pending,pending,revue humaine non réalisée
03_progressions/supports/terminale/T08/code/T08_tests_attendus_bfs_dfs_cycles_chemins.py,terminale,,,,,pending,pending,pending,pending,pending,revue humaine non réalisée
03_progressions/supports/terminale/T09/T09_TD_bases_relationnelles_cles_contraintes.md,terminale,,"bases relationnelles, clés et contraintes",,,pending,pending,pending,pending,pending,revue humaine non réalisée
03_progressions/supports/terminale/T09/T09_bareme_bases_relationnelles_cles_contraintes.md,terminale,,"bases relationnelles, clés et contraintes",,,pending,pending,pending,pending,pending,revue humaine non réalisée
03_progressions/supports/terminale/T09/T09_corrige_bases_relationnelles_cles_contraintes.md,terminale,,"bases relationnelles, clés et contraintes",,,pending,pending,pending,pending,pending,revue humaine non réalisée
03_progressions/supports/terminale/T09/T09_cours_bases_relationnelles_cles_contraintes.md,terminale,,"bases relationnelles, clés et contraintes",,,pending,pending,pending,pending,pending,revue humaine non réalisée
03_progressions/supports/terminale/T09/T09_evaluation_bases_relationnelles_cles_contraintes.md,terminale,,"bases relationnelles, clés et contraintes",,,pending,pending,pending,pending,pending,revue humaine non réalisée
03_progressions/supports/terminale/T09/T09_remediation_bases_relationnelles_cles_contraintes.md,terminale,,"bases relationnelles, clés et contraintes",,,pending,pending,pending,pending,pending,revue humaine non réalisée
03_progressions/supports/terminale/T09/T09_tp_bases_relationnelles_cles_contraintes.md,terminale,,"bases relationnelles, clés et contraintes",,,pending,pending,pending,pending,pending,revue humaine non réalisée
03_progressions/supports/terminale/T09/T09_trace_bases_relationnelles_cles_contraintes.md,terminale,,"bases relationnelles, clés et contraintes",,,pending,pending,pending,pending,pending,revue humaine non réalisée
03_progressions/supports/terminale/T09/T09_version_amenagee_bases_relationnelles_cles_contraintes.md,terminale,,"bases relationnelles, clés et contraintes",,,pending,pending,pending,pending,pending,revue humaine non réalisée
03_progressions/supports/terminale/T09/code/T09_corrige_professeur_bases_relationnelles_cles_contraintes.py,terminale,T09,python,,,pending,pending,pending,pending,needs_review,revue humaine non réalisée
03_progressions/supports/terminale/T09/code/T09_starter_bases_relationnelles_cles_contraintes.py,terminale,T09,python,,,pending,pending,pending,pending,needs_review,revue humaine non réalisée
03_progressions/supports/terminale/T09/code/T09_tests_attendus_bases_relationnelles_cles_contraintes.py,terminale,T09,python,,,pending,pending,pending,pending,needs_review,revue humaine non réalisée
03_progressions/supports/terminale/T10/T10_TD_sql_insert_update_delete.md,terminale,,"SQL SELECT, JOIN, INSERT, UPDATE et DELETE",,,pending,pending,pending,pending,pending,revue humaine non réalisée
03_progressions/supports/terminale/T10/T10_TD_sql_select_where_join.md,terminale,,"SQL SELECT, JOIN, INSERT, UPDATE et DELETE",,,pending,pending,pending,pending,pending,revue humaine non réalisée
03_progressions/supports/terminale/T10/T10_bareme_sql_select_where_join.md,terminale,,"SQL SELECT, JOIN, INSERT, UPDATE et DELETE",,,pending,pending,pending,pending,pending,revue humaine non réalisée
03_progressions/supports/terminale/T10/T10_corrige_sql_select_where_join.md,terminale,,"SQL SELECT, JOIN, INSERT, UPDATE et DELETE",,,pending,pending,pending,pending,pending,revue humaine non réalisée
03_progressions/supports/terminale/T10/T10_cours_sql_select_where_join.md,terminale,,"SQL SELECT, JOIN, INSERT, UPDATE et DELETE",,,pending,pending,pending,pending,pending,revue humaine non réalisée
03_progressions/supports/terminale/T10/T10_evaluation_sql_insert_update_delete.md,terminale,,"SQL SELECT, JOIN, INSERT, UPDATE et DELETE",,,pending,pending,pending,pending,pending,revue humaine non réalisée
03_progressions/supports/terminale/T10/T10_evaluation_sql_select_where_join.md,terminale,,"SQL SELECT, JOIN, INSERT, UPDATE et DELETE",,,pending,pending,pending,pending,pending,revue humaine non réalisée
03_progressions/supports/terminale/T10/T10_remediation_sql_select_where_join.md,terminale,,"SQL SELECT, JOIN, INSERT, UPDATE et DELETE",,,pending,pending,pending,pending,pending,revue humaine non réalisée
03_progressions/supports/terminale/T10/T10_tp_sql_select_where_join.md,terminale,,"SQL SELECT, JOIN, INSERT, UPDATE et DELETE",,,pending,pending,pending,pending,pending,revue humaine non réalisée
03_progressions/supports/terminale/T10/T10_trace_sql_select_where_join.md,terminale,,"SQL SELECT, JOIN, INSERT, UPDATE et DELETE",,,pending,pending,pending,pending,pending,revue humaine non réalisée
03_progressions/supports/terminale/T10/T10_version_amenagee_sql_select_where_join.md,terminale,,"SQL SELECT, JOIN, INSERT, UPDATE et DELETE",,,pending,pending,pending,pending,pending,revue humaine non réalisée
03_progressions/supports/terminale/T10/code/T10_corrige_professeur_sql_select_where_join.py,terminale,,,,,pending,pending,pending,pending,pending,revue humaine non réalisée
03_progressions/supports/terminale/T10/code/T10_starter_sql_select_where_join.py,terminale,,,,,pending,pending,pending,pending,pending,revue humaine non réalisée
03_progressions/supports/terminale/T10/code/T10_tests_attendus_sql_select_where_join.py,terminale,,,,,pending,pending,pending,pending,pending,revue humaine non réalisée
03_progressions/supports/terminale/T11/T11_TD_processus_ordonnancement_interblocage.md,terminale,,"SoC, processus, ordonnancement et interblocage",,,pending,pending,pending,pending,pending,revue humaine non réalisée
03_progressions/supports/terminale/T11/T11_bareme_processus_ordonnancement_interblocage.md,terminale,,"SoC, processus, ordonnancement et interblocage",,,pending,pending,pending,pending,pending,revue humaine non réalisée
03_progressions/supports/terminale/T11/T11_corrige_processus_ordonnancement_interblocage.md,terminale,,"SoC, processus, ordonnancement et interblocage",,,pending,pending,pending,pending,pending,revue humaine non réalisée
03_progressions/supports/terminale/T11/T11_cours_processus_ordonnancement_interblocage.md,terminale,,"SoC, processus, ordonnancement et interblocage",,,pending,pending,pending,pending,pending,revue humaine non réalisée
03_progressions/supports/terminale/T11/T11_evaluation_processus_ordonnancement_interblocage.md,terminale,,"SoC, processus, ordonnancement et interblocage",,,pending,pending,pending,pending,pending,revue humaine non réalisée
03_progressions/supports/terminale/T11/T11_remediation_processus_ordonnancement_interblocage.md,terminale,,"SoC, processus, ordonnancement et interblocage",,,pending,pending,pending,pending,pending,revue humaine non réalisée
03_progressions/supports/terminale/T11/T11_tp_processus_ordonnancement_interblocage.md,terminale,,"SoC, processus, ordonnancement et interblocage",,,pending,pending,pending,pending,pending,revue humaine non réalisée
03_progressions/supports/terminale/T11/T11_trace_processus_ordonnancement_interblocage.md,terminale,,"SoC, processus, ordonnancement et interblocage",,,pending,pending,pending,pending,pending,revue humaine non réalisée
03_progressions/supports/terminale/T11/T11_version_amenagee_processus_ordonnancement_interblocage.md,terminale,,"SoC, processus, ordonnancement et interblocage",,,pending,pending,pending,pending,pending,revue humaine non réalisée
03_progressions/supports/terminale/T12/T12_TD_routage_rip_ospf.md,terminale,,routage RIP et OSPF,,,pending,pending,pending,pending,pending,revue humaine non réalisée
03_progressions/supports/terminale/T12/T12_bareme_routage_rip_ospf.md,terminale,,routage RIP et OSPF,,,pending,pending,pending,pending,pending,revue humaine non réalisée
03_progressions/supports/terminale/T12/T12_corrige_routage_rip_ospf.md,terminale,,routage RIP et OSPF,,,pending,pending,pending,pending,pending,revue humaine non réalisée
03_progressions/supports/terminale/T12/T12_cours_routage_rip_ospf.md,terminale,,routage RIP et OSPF,,,pending,pending,pending,pending,pending,revue humaine non réalisée
03_progressions/supports/terminale/T12/T12_evaluation_routage_rip_ospf.md,terminale,,routage RIP et OSPF,,,pending,pending,pending,pending,pending,revue humaine non réalisée
03_progressions/supports/terminale/T12/T12_remediation_routage_rip_ospf.md,terminale,,routage RIP et OSPF,,,pending,pending,pending,pending,pending,revue humaine non réalisée
03_progressions/supports/terminale/T12/T12_tp_routage_rip_ospf.md,terminale,,routage RIP et OSPF,,,pending,pending,pending,pending,pending,revue humaine non réalisée
03_progressions/supports/terminale/T12/T12_trace_routage_rip_ospf.md,terminale,,routage RIP et OSPF,,,pending,pending,pending,pending,pending,revue humaine non réalisée
03_progressions/supports/terminale/T12/T12_version_amenagee_routage_rip_ospf.md,terminale,,routage RIP et OSPF,,,pending,pending,pending,pending,pending,revue humaine non réalisée
03_progressions/supports/terminale/T12/code/T12_corrige_professeur_routage_rip_ospf.py,terminale,,,,,pending,pending,pending,pending,pending,revue humaine non réalisée
03_progressions/supports/terminale/T12/code/T12_starter_routage_rip_ospf.py,terminale,,,,,pending,pending,pending,pending,pending,revue humaine non réalisée
03_progressions/supports/terminale/T12/code/T12_tests_attendus_routage_rip_ospf.py,terminale,,,,,pending,pending,pending,pending,pending,revue humaine non réalisée
03_progressions/supports/terminale/T13/T13_TD_chiffrement_https.md,terminale,,chiffrement et HTTPS,,,pending,pending,pending,pending,pending,revue humaine non réalisée
03_progressions/supports/terminale/T13/T13_bareme_chiffrement_https.md,terminale,,chiffrement et HTTPS,,,pending,pending,pending,pending,pending,revue humaine non réalisée
03_progressions/supports/terminale/T13/T13_corrige_chiffrement_https.md,terminale,,chiffrement et HTTPS,,,pending,pending,pending,pending,pending,revue humaine non réalisée
03_progressions/supports/terminale/T13/T13_cours_chiffrement_https.md,terminale,,chiffrement et HTTPS,,,pending,pending,pending,pending,pending,revue humaine non réalisée
03_progressions/supports/terminale/T13/T13_evaluation_chiffrement_https.md,terminale,,chiffrement et HTTPS,,,pending,pending,pending,pending,pending,revue humaine non réalisée
03_progressions/supports/terminale/T13/T13_remediation_chiffrement_https.md,terminale,,chiffrement et HTTPS,,,pending,pending,pending,pending,pending,revue humaine non réalisée
03_progressions/supports/terminale/T13/T13_tp_chiffrement_https.md,terminale,,chiffrement et HTTPS,,,pending,pending,pending,pending,pending,revue humaine non réalisée
03_progressions/supports/terminale/T13/T13_trace_chiffrement_https.md,terminale,,chiffrement et HTTPS,,,pending,pending,pending,pending,pending,revue humaine non réalisée
03_progressions/supports/terminale/T13/T13_version_amenagee_chiffrement_https.md,terminale,,chiffrement et HTTPS,,,pending,pending,pending,pending,pending,revue humaine non réalisée
03_progressions/supports/terminale/T14/T14_TD_modularite_api_paradigmes_bugs.md,terminale,,"modularité, API, paradigmes et bugs",,,pending,pending,pending,pending,pending,revue humaine non réalisée
03_progressions/supports/terminale/T14/T14_bareme_modularite_api_paradigmes_bugs.md,terminale,,"modularité, API, paradigmes et bugs",,,pending,pending,pending,pending,pending,revue humaine non réalisée
03_progressions/supports/terminale/T14/T14_corrige_modularite_api_paradigmes_bugs.md,terminale,,"modularité, API, paradigmes et bugs",,,pending,pending,pending,pending,pending,revue humaine non réalisée
03_progressions/supports/terminale/T14/T14_cours_modularite_api_paradigmes_bugs.md,terminale,,"modularité, API, paradigmes et bugs",,,pending,pending,pending,pending,pending,revue humaine non réalisée
03_progressions/supports/terminale/T14/T14_evaluation_modularite_api_paradigmes_bugs.md,terminale,,"modularité, API, paradigmes et bugs",,,pending,pending,pending,pending,pending,revue humaine non réalisée
03_progressions/supports/terminale/T14/T14_remediation_modularite_api_paradigmes_bugs.md,terminale,,"modularité, API, paradigmes et bugs",,,pending,pending,pending,pending,pending,revue humaine non réalisée
03_progressions/supports/terminale/T14/T14_tp_modularite_api_paradigmes_bugs.md,terminale,,"modularité, API, paradigmes et bugs",,,pending,pending,pending,pending,pending,revue humaine non réalisée
03_progressions/supports/terminale/T14/T14_trace_modularite_api_paradigmes_bugs.md,terminale,,"modularité, API, paradigmes et bugs",,,pending,pending,pending,pending,pending,revue humaine non réalisée
03_progressions/supports/terminale/T14/T14_version_amenagee_modularite_api_paradigmes_bugs.md,terminale,,"modularité, API, paradigmes et bugs",,,pending,pending,pending,pending,pending,revue humaine non réalisée
03_progressions/supports/terminale/T15/T15_TD_calculabilite_arret.md,terminale,,"calculabilité, programme comme donnée et arrêt",,,pending,pending,pending,pending,pending,revue humaine non réalisée
03_progressions/supports/terminale/T15/T15_bareme_calculabilite_arret.md,terminale,,"calculabilité, programme comme donnée et arrêt",,,pending,pending,pending,pending,pending,revue humaine non réalisée
03_progressions/supports/terminale/T15/T15_corrige_calculabilite_arret.md,terminale,,"calculabilité, programme comme donnée et arrêt",,,pending,pending,pending,pending,pending,revue humaine non réalisée
03_progressions/supports/terminale/T15/T15_cours_calculabilite_arret.md,terminale,,"calculabilité, programme comme donnée et arrêt",,,pending,pending,pending,pending,pending,revue humaine non réalisée
03_progressions/supports/terminale/T15/T15_evaluation_calculabilite_arret.md,terminale,,"calculabilité, programme comme donnée et arrêt",,,pending,pending,pending,pending,pending,revue humaine non réalisée
03_progressions/supports/terminale/T15/T15_remediation_calculabilite_arret.md,terminale,,"calculabilité, programme comme donnée et arrêt",,,pending,pending,pending,pending,pending,revue humaine non réalisée
03_progressions/supports/terminale/T15/T15_tp_calculabilite_arret.md,terminale,,"calculabilité, programme comme donnée et arrêt",,,pending,pending,pending,pending,pending,revue humaine non réalisée
03_progressions/supports/terminale/T15/T15_trace_calculabilite_arret.md,terminale,,"calculabilité, programme comme donnée et arrêt",,,pending,pending,pending,pending,pending,revue humaine non réalisée
03_progressions/supports/terminale/T15/T15_version_amenagee_calculabilite_arret.md,terminale,,"calculabilité, programme comme donnée et arrêt",,,pending,pending,pending,pending,pending,revue humaine non réalisée
03_progressions/supports/terminale/T16/T16_TD_diviser_pour_regner_tri_fusion.md,terminale,,diviser pour régner et tri fusion,,,pending,pending,pending,pending,pending,revue humaine non réalisée
03_progressions/supports/terminale/T16/T16_bareme_diviser_pour_regner_tri_fusion.md,terminale,,diviser pour régner et tri fusion,,,pending,pending,pending,pending,pending,revue humaine non réalisée
03_progressions/supports/terminale/T16/T16_corrige_diviser_pour_regner_tri_fusion.md,terminale,,diviser pour régner et tri fusion,,,pending,pending,pending,pending,pending,revue humaine non réalisée
03_progressions/supports/terminale/T16/T16_cours_diviser_pour_regner_tri_fusion.md,terminale,,diviser pour régner et tri fusion,,,pending,pending,pending,pending,pending,revue humaine non réalisée
03_progressions/supports/terminale/T16/T16_evaluation_diviser_pour_regner_tri_fusion.md,terminale,,diviser pour régner et tri fusion,,,pending,pending,pending,pending,pending,revue humaine non réalisée
03_progressions/supports/terminale/T16/T16_remediation_diviser_pour_regner_tri_fusion.md,terminale,,diviser pour régner et tri fusion,,,pending,pending,pending,pending,pending,revue humaine non réalisée
03_progressions/supports/terminale/T16/T16_tp_diviser_pour_regner_tri_fusion.md,terminale,,diviser pour régner et tri fusion,,,pending,pending,pending,pending,pending,revue humaine non réalisée
03_progressions/supports/terminale/T16/T16_trace_diviser_pour_regner_tri_fusion.md,terminale,,diviser pour régner et tri fusion,,,pending,pending,pending,pending,pending,revue humaine non réalisée
03_progressions/supports/terminale/T16/T16_version_amenagee_diviser_pour_regner_tri_fusion.md,terminale,,diviser pour régner et tri fusion,,,pending,pending,pending,pending,pending,revue humaine non réalisée
03_progressions/supports/terminale/T16/code/T16_corrige_professeur_diviser_pour_regner_tri_fusion.py,terminale,,,,,pending,pending,pending,pending,pending,revue humaine non réalisée
03_progressions/supports/terminale/T16/code/T16_starter_diviser_pour_regner_tri_fusion.py,terminale,,,,,pending,pending,pending,pending,pending,revue humaine non réalisée
03_progressions/supports/terminale/T16/code/T16_tests_attendus_diviser_pour_regner_tri_fusion.py,terminale,,,,,pending,pending,pending,pending,pending,revue humaine non réalisée
03_progressions/supports/terminale/T17/T17_TD_programmation_dynamique.md,terminale,,programmation dynamique,,,pending,pending,pending,pending,pending,revue humaine non réalisée
03_progressions/supports/terminale/T17/T17_bareme_programmation_dynamique.md,terminale,,programmation dynamique,,,pending,pending,pending,pending,pending,revue humaine non réalisée
03_progressions/supports/terminale/T17/T17_corrige_programmation_dynamique.md,terminale,,programmation dynamique,,,pending,pending,pending,pending,pending,revue humaine non réalisée
03_progressions/supports/terminale/T17/T17_cours_programmation_dynamique.md,terminale,,programmation dynamique,,,pending,pending,pending,pending,pending,revue humaine non réalisée
03_progressions/supports/terminale/T17/T17_evaluation_programmation_dynamique.md,terminale,,programmation dynamique,,,pending,pending,pending,pending,pending,revue humaine non réalisée
03_progressions/supports/terminale/T17/T17_remediation_programmation_dynamique.md,terminale,,programmation dynamique,,,pending,pending,pending,pending,pending,revue humaine non réalisée
03_progressions/supports/terminale/T17/T17_tp_programmation_dynamique.md,terminale,,programmation dynamique,,,pending,pending,pending,pending,pending,revue humaine non réalisée
03_progressions/supports/terminale/T17/T17_trace_programmation_dynamique.md,terminale,,programmation dynamique,,,pending,pending,pending,pending,pending,revue humaine non réalisée
03_progressions/supports/terminale/T17/T17_version_amenagee_programmation_dynamique.md,terminale,,programmation dynamique,,,pending,pending,pending,pending,pending,revue humaine non réalisée
03_progressions/supports/terminale/T17/code/T17_corrige_professeur_programmation_dynamique.py,terminale,,,,,pending,pending,pending,pending,pending,revue humaine non réalisée
03_progressions/supports/terminale/T17/code/T17_starter_programmation_dynamique.py,terminale,,,,,pending,pending,pending,pending,pending,revue humaine non réalisée
03_progressions/supports/terminale/T17/code/T17_tests_attendus_programmation_dynamique.py,terminale,,,,,pending,pending,pending,pending,pending,revue humaine non réalisée
03_progressions/supports/terminale/T18/T18_TD_boyer_moore.md,terminale,,Boyer-Moore,,,pending,pending,pending,pending,pending,revue humaine non réalisée
03_progressions/supports/terminale/T18/T18_bareme_boyer_moore.md,terminale,,Boyer-Moore,,,pending,pending,pending,pending,pending,revue humaine non réalisée
03_progressions/supports/terminale/T18/T18_corrige_boyer_moore.md,terminale,,Boyer-Moore,,,pending,pending,pending,pending,pending,revue humaine non réalisée
03_progressions/supports/terminale/T18/T18_cours_boyer_moore.md,terminale,,Boyer-Moore,,,pending,pending,pending,pending,pending,revue humaine non réalisée
03_progressions/supports/terminale/T18/T18_evaluation_boyer_moore.md,terminale,,Boyer-Moore,,,pending,pending,pending,pending,pending,revue humaine non réalisée
03_progressions/supports/terminale/T18/T18_remediation_boyer_moore.md,terminale,,Boyer-Moore,,,pending,pending,pending,pending,pending,revue humaine non réalisée
03_progressions/supports/terminale/T18/T18_tp_boyer_moore.md,terminale,,Boyer-Moore,,,pending,pending,pending,pending,pending,revue humaine non réalisée
03_progressions/supports/terminale/T18/T18_trace_boyer_moore.md,terminale,,Boyer-Moore,,,pending,pending,pending,pending,pending,revue humaine non réalisée
03_progressions/supports/terminale/T18/T18_version_amenagee_boyer_moore.md,terminale,,Boyer-Moore,,,pending,pending,pending,pending,pending,revue humaine non réalisée
03_progressions/supports/terminale/T18/code/T18_corrige_professeur_boyer_moore.py,terminale,T18,python,,,pending,pending,pending,pending,needs_review,revue humaine non réalisée
03_progressions/supports/terminale/T18/code/T18_starter_boyer_moore.py,terminale,T18,python,,,pending,pending,pending,pending,needs_review,revue humaine non réalisée
03_progressions/supports/terminale/T18/code/T18_tests_attendus_boyer_moore.py,terminale,T18,python,,,pending,pending,pending,pending,needs_review,revue humaine non réalisée
03_progressions/supports/terminale/T19/T19_TD_bac_pratique_grand_oral_projet.md,terminale,,"bac pratique, écrit, Grand Oral et projet",,,pending,pending,pending,pending,pending,revue humaine non réalisée
03_progressions/supports/terminale/T19/T19_bareme_bac_pratique_grand_oral_projet.md,terminale,,"bac pratique, écrit, Grand Oral et projet",,,pending,pending,pending,pending,pending,revue humaine non réalisée
03_progressions/supports/terminale/T19/T19_corrige_bac_pratique_grand_oral_projet.md,terminale,,"bac pratique, écrit, Grand Oral et projet",,,pending,pending,pending,pending,pending,revue humaine non réalisée
03_progressions/supports/terminale/T19/T19_cours_bac_pratique_grand_oral_projet.md,terminale,,"bac pratique, écrit, Grand Oral et projet",,,pending,pending,pending,pending,pending,revue humaine non réalisée
03_progressions/supports/terminale/T19/T19_evaluation_bac_pratique_grand_oral_projet.md,terminale,,"bac pratique, écrit, Grand Oral et projet",,,pending,pending,pending,pending,pending,revue humaine non réalisée
03_progressions/supports/terminale/T19/T19_remediation_bac_pratique_grand_oral_projet.md,terminale,,"bac pratique, écrit, Grand Oral et projet",,,pending,pending,pending,pending,pending,revue humaine non réalisée
03_progressions/supports/terminale/T19/T19_tp_bac_pratique_grand_oral_projet.md,terminale,,"bac pratique, écrit, Grand Oral et projet",,,pending,pending,pending,pending,pending,revue humaine non réalisée
03_progressions/supports/terminale/T19/T19_trace_bac_pratique_grand_oral_projet.md,terminale,,"bac pratique, écrit, Grand Oral et projet",,,pending,pending,pending,pending,pending,revue humaine non réalisée
03_progressions/supports/terminale/T19/T19_version_amenagee_bac_pratique_grand_oral_projet.md,terminale,,"bac pratique, écrit, Grand Oral et projet",,,pending,pending,pending,pending,pending,revue humaine non réalisée
03_progressions/supports/premiere/P02/P02_corrige_tables_verite_booleennes.md,premiere,P02,tables de vérité,,,pending,pending,pending,pending,pending,revue humaine non réalisée
03_progressions/supports/premiere/P02/P02_cours_tables_verite_booleennes.md,premiere,P02,tables de vérité,,,pending,pending,pending,pending,pending,revue humaine non réalisée
03_progressions/supports/premiere/P02/P02_evaluation_tables_verite_booleennes.md,premiere,P02,tables de vérité,,,pending,pending,pending,pending,pending,revue humaine non réalisée
03_progressions/supports/premiere/P02/P02_td_tables_verite_booleennes.md,premiere,P02,tables de vérité,,,pending,pending,pending,pending,pending,revue humaine non réalisée
03_progressions/supports/premiere/P02/P02_tp_tables_verite_booleennes.md,premiere,P02,tables de vérité,,,pending,pending,pending,pending,pending,revue humaine non réalisée
03_progressions/supports/premiere/P02/P02_trace_tables_verite_booleennes.md,premiere,P02,tables de vérité,,,pending,pending,pending,pending,pending,revue humaine non réalisée
03_progressions/supports/premiere/P03/P03_corrige_conversion_encodages_texte.md,premiere,P03,encodages texte,,,pending,pending,pending,pending,pending,revue humaine non réalisée
03_progressions/supports/premiere/P03/P03_cours_conversion_encodages_texte.md,premiere,P03,encodages texte,,,pending,pending,pending,pending,pending,revue humaine non réalisée
03_progressions/supports/premiere/P03/P03_evaluation_conversion_encodages_texte.md,premiere,P03,encodages texte,,,pending,pending,pending,pending,pending,revue humaine non réalisée
03_progressions/supports/premiere/P03/P03_td_conversion_encodages_texte.md,premiere,P03,encodages texte,,,pending,pending,pending,pending,pending,revue humaine non réalisée
03_progressions/supports/premiere/P03/P03_tp_conversion_encodages_texte.md,premiere,P03,encodages texte,,,pending,pending,pending,pending,pending,revue humaine non réalisée
03_progressions/supports/premiere/P03/P03_trace_conversion_encodages_texte.md,premiere,P03,encodages texte,,,pending,pending,pending,pending,pending,revue humaine non réalisée
03_progressions/supports/premiere/P04/P04_corrige_types_construits_complement.md,premiere,P04,types construits,,,pending,pending,pending,pending,pending,revue humaine non réalisée
03_progressions/supports/premiere/P04/P04_cours_types_construits_complement.md,premiere,P04,types construits,,,pending,pending,pending,pending,pending,revue humaine non réalisée
03_progressions/supports/premiere/P04/P04_evaluation_types_construits_complement.md,premiere,P04,types construits,,,pending,pending,pending,pending,pending,revue humaine non réalisée
03_progressions/supports/premiere/P04/P04_td_types_construits_complement.md,premiere,P04,types construits,,,pending,pending,pending,pending,pending,revue humaine non réalisée
03_progressions/supports/premiere/P04/P04_tp_types_construits_complement.md,premiere,P04,types construits,,,pending,pending,pending,pending,pending,revue humaine non réalisée
03_progressions/supports/premiere/P04/P04_trace_types_construits_complement.md,premiere,P04,types construits,,,pending,pending,pending,pending,pending,revue humaine non réalisée
03_progressions/supports/terminale/T01/T01_corrige_interface_implementation_complement.md,terminale,T01,interface et implémentation,,,pending,pending,pending,pending,pending,revue humaine non réalisée
03_progressions/supports/terminale/T01/T01_cours_interface_implementation_complement.md,terminale,T01,interface et implémentation,,,pending,pending,pending,pending,pending,revue humaine non réalisée
03_progressions/supports/terminale/T01/T01_evaluation_interface_implementation_complement.md,terminale,T01,interface et implémentation,,,pending,pending,pending,pending,pending,revue humaine non réalisée
03_progressions/supports/terminale/T01/T01_td_interface_implementation_complement.md,terminale,T01,interface et implémentation,,,pending,pending,pending,pending,pending,revue humaine non réalisée
03_progressions/supports/terminale/T01/T01_tp_interface_implementation_complement.md,terminale,T01,interface et implémentation,,,pending,pending,pending,pending,pending,revue humaine non réalisée
03_progressions/supports/terminale/T01/T01_trace_interface_implementation_complement.md,terminale,T01,interface et implémentation,,,pending,pending,pending,pending,pending,revue humaine non réalisée
03_progressions/supports/terminale/T03/T03_corrige_recherche_liste_dictionnaire.md,terminale,T03,recherche liste/dictionnaire,,,pending,pending,pending,pending,pending,revue humaine non réalisée
03_progressions/supports/terminale/T03/T03_cours_recherche_liste_dictionnaire.md,terminale,T03,recherche liste/dictionnaire,,,pending,pending,pending,pending,pending,revue humaine non réalisée
03_progressions/supports/terminale/T03/T03_evaluation_recherche_liste_dictionnaire.md,terminale,T03,recherche liste/dictionnaire,,,pending,pending,pending,pending,pending,revue humaine non réalisée
03_progressions/supports/terminale/T03/T03_td_recherche_liste_dictionnaire.md,terminale,T03,recherche liste/dictionnaire,,,pending,pending,pending,pending,pending,revue humaine non réalisée
03_progressions/supports/terminale/T03/T03_tp_recherche_liste_dictionnaire.md,terminale,T03,recherche liste/dictionnaire,,,pending,pending,pending,pending,pending,revue humaine non réalisée
03_progressions/supports/terminale/T03/T03_trace_recherche_liste_dictionnaire.md,terminale,T03,recherche liste/dictionnaire,,,pending,pending,pending,pending,pending,revue humaine non réalisée
03_progressions/supports/terminale/T05/T05_corrige_arbres_mesures_parcours_complement.md,terminale,T05,arbres mesures et parcours,,,pending,pending,pending,pending,pending,revue humaine non réalisée
03_progressions/supports/terminale/T05/T05_cours_arbres_mesures_parcours_complement.md,terminale,T05,arbres mesures et parcours,,,pending,pending,pending,pending,pending,revue humaine non réalisée
03_progressions/supports/terminale/T05/T05_evaluation_arbres_mesures_parcours_complement.md,terminale,T05,arbres mesures et parcours,,,pending,pending,pending,pending,pending,revue humaine non réalisée
03_progressions/supports/terminale/T05/T05_td_arbres_mesures_parcours_complement.md,terminale,T05,arbres mesures et parcours,,,pending,pending,pending,pending,pending,revue humaine non réalisée
03_progressions/supports/terminale/T05/T05_tp_arbres_mesures_parcours_complement.md,terminale,T05,arbres mesures et parcours,,,pending,pending,pending,pending,pending,revue humaine non réalisée
03_progressions/supports/terminale/T05/T05_trace_arbres_mesures_parcours_complement.md,terminale,T05,arbres mesures et parcours,,,pending,pending,pending,pending,pending,revue humaine non réalisée
03_progressions/supports/terminale/T05/T05_bareme_arbres_mesures_parcours_complement.md,terminale,,"arbre binaire, taille, hauteur, feuilles, parcours en largeur, file",,,pending,pending,pending,pending,pending,revue humaine non réalisée
03_progressions/supports/premiere/P02/P02_bareme_tables_verite_booleennes.md,premiere,,expression booléenne table de vérité opérateurs logiques,,,pending,pending,pending,pending,pending,revue humaine non réalisée
03_progressions/supports/premiere/P03/P03_bareme_conversion_encodages_texte.md,premiere,,encodage UTF-8 Latin-1 ASCII conversion,,,pending,pending,pending,pending,pending,revue humaine non réalisée
03_progressions/supports/premiere/P04/P04_bareme_types_construits_complement.md,premiere,,p-uplet compréhension matrice dictionnaire itération,,,pending,pending,pending,pending,pending,revue humaine non réalisée
03_progressions/supports/terminale/T01/T01_bareme_interface_implementation_complement.md,terminale,,interface implémentation pile file liste chaînée,,,pending,pending,pending,pending,pending,revue humaine non réalisée
03_progressions/supports/terminale/T03/T03_bareme_recherche_liste_dictionnaire.md,terminale,,recherche liste dictionnaire index clé complexité,,,pending,pending,pending,pending,pending,revue humaine non réalisée
